2026-05-09 00:02:14 [main] INFO  AutomationLogger - Browser launched: chrome | URL: https://ecommerce.tealiumdemo.com
2026-05-09 00:02:15 [main] INFO  AutomationLogger - Clicked: By.cssSelector: input#privacy_pref_optin
2026-05-09 00:02:15 [main] INFO  AutomationLogger - Consent modal detected — selected Opt-In
2026-05-09 00:02:15 [main] INFO  AutomationLogger - Clicked: By.cssSelector: div#consent_prompt_submit
2026-05-09 00:02:15 [main] INFO  AutomationLogger - Consent modal dismissed successfully
2026-05-09 00:02:15 [main] INFO  AutomationLogger - Clicked: By.cssSelector: a.skip-account
2026-05-09 00:02:15 [main] INFO  AutomationLogger - Opened account dropdown
2026-05-09 00:02:16 [main] INFO  AutomationLogger - Clicked: By.cssSelector: #header-account a[href*='account/create']
2026-05-09 00:02:16 [main] INFO  AutomationLogger - Clicked Register from header
2026-05-09 00:02:18 [main] INFO  AutomationLogger - ▶️ TEST STARTED: tc01_validRegistrationWithValidCredentials
2026-05-09 00:02:18 [main] INFO  AutomationLogger - Test data loaded: [validUser] from [testdata/users.json]
2026-05-09 00:02:19 [main] INFO  AutomationLogger - Typed 'Omar' into: By.id: firstname
2026-05-09 00:02:19 [main] INFO  AutomationLogger - Entered first name: Omar
2026-05-09 00:02:19 [main] INFO  AutomationLogger - Typed 'Adriano' into: By.id: lastname
2026-05-09 00:02:19 [main] INFO  AutomationLogger - Entered last name: Adriano
2026-05-09 00:02:19 [main] INFO  AutomationLogger - Typed 'axis.testuser.2026@gmail.com' into: By.id: email_address
2026-05-09 00:02:19 [main] INFO  AutomationLogger - Entered email: axis.testuser.2026@gmail.com
2026-05-09 00:02:19 [main] INFO  AutomationLogger - Typed 'Adriano@123' into: By.id: password
2026-05-09 00:02:19 [main] INFO  AutomationLogger - Entered password
2026-05-09 00:02:19 [main] INFO  AutomationLogger - Typed 'Adriano@123' into: By.id: confirmation
2026-05-09 00:02:19 [main] INFO  AutomationLogger - Entered confirm password
2026-05-09 00:02:19 [main] INFO  AutomationLogger - Scrolled to: By.cssSelector: button[title='Register']
2026-05-09 00:02:21 [main] INFO  AutomationLogger - JS Clicked: By.cssSelector: button[title='Register']
2026-05-09 00:02:21 [main] INFO  AutomationLogger - Registration submitted — transitioning to Account Dashboard
2026-05-09 00:02:21 [main] INFO  AutomationLogger - Account dashboard loaded successfully
2026-05-09 00:02:22 [main] WARN  AutomationLogger - Retrying test [tc01_validRegistrationWithValidCredentials] - Attempt: 1
2026-05-09 00:02:22 [main] WARN  AutomationLogger - ⏭️ TEST SKIPPED: tc01_validRegistrationWithValidCredentials
2026-05-09 00:02:22 [main] WARN  AutomationLogger - ⏭️ SKIPPED: tc01_validRegistrationWithValidCredentials
2026-05-09 00:02:22 [main] INFO  AutomationLogger - Browser closed after: tc01_validRegistrationWithValidCredentials
2026-05-09 00:02:25 [main] INFO  AutomationLogger - Browser launched: chrome | URL: https://ecommerce.tealiumdemo.com
2026-05-09 00:02:26 [main] INFO  AutomationLogger - Clicked: By.cssSelector: input#privacy_pref_optin
2026-05-09 00:02:26 [main] INFO  AutomationLogger - Consent modal detected — selected Opt-In
2026-05-09 00:02:26 [main] INFO  AutomationLogger - Clicked: By.cssSelector: div#consent_prompt_submit
2026-05-09 00:02:26 [main] INFO  AutomationLogger - Consent modal dismissed successfully
2026-05-09 00:02:26 [main] INFO  AutomationLogger - Clicked: By.cssSelector: a.skip-account
2026-05-09 00:02:26 [main] INFO  AutomationLogger - Opened account dropdown
2026-05-09 00:02:27 [main] INFO  AutomationLogger - Clicked: By.cssSelector: #header-account a[href*='account/create']
2026-05-09 00:02:27 [main] INFO  AutomationLogger - Clicked Register from header
2026-05-09 00:02:28 [main] INFO  AutomationLogger - ▶️ TEST STARTED: tc01_validRegistrationWithValidCredentials
2026-05-09 00:02:28 [main] INFO  AutomationLogger - Test data loaded: [validUser] from [testdata/users.json]
2026-05-09 00:02:28 [main] INFO  AutomationLogger - Typed 'Omar' into: By.id: firstname
2026-05-09 00:02:28 [main] INFO  AutomationLogger - Entered first name: Omar
2026-05-09 00:02:28 [main] INFO  AutomationLogger - Typed 'Adriano' into: By.id: lastname
2026-05-09 00:02:28 [main] INFO  AutomationLogger - Entered last name: Adriano
2026-05-09 00:02:29 [main] INFO  AutomationLogger - Typed 'axis.testuser.2026@gmail.com' into: By.id: email_address
2026-05-09 00:02:29 [main] INFO  AutomationLogger - Entered email: axis.testuser.2026@gmail.com
2026-05-09 00:02:29 [main] INFO  AutomationLogger - Typed 'Adriano@123' into: By.id: password
2026-05-09 00:02:29 [main] INFO  AutomationLogger - Entered password
2026-05-09 00:02:29 [main] INFO  AutomationLogger - Typed 'Adriano@123' into: By.id: confirmation
2026-05-09 00:02:29 [main] INFO  AutomationLogger - Entered confirm password
2026-05-09 00:02:29 [main] INFO  AutomationLogger - Scrolled to: By.cssSelector: button[title='Register']
2026-05-09 00:02:30 [main] INFO  AutomationLogger - JS Clicked: By.cssSelector: button[title='Register']
2026-05-09 00:02:30 [main] INFO  AutomationLogger - Registration submitted — transitioning to Account Dashboard
2026-05-09 00:02:30 [main] INFO  AutomationLogger - Account dashboard loaded successfully
2026-05-09 00:02:30 [main] WARN  AutomationLogger - Retrying test [tc01_validRegistrationWithValidCredentials] - Attempt: 2
2026-05-09 00:02:30 [main] WARN  AutomationLogger - ⏭️ TEST SKIPPED: tc01_validRegistrationWithValidCredentials
2026-05-09 00:02:30 [main] WARN  AutomationLogger - ⏭️ SKIPPED: tc01_validRegistrationWithValidCredentials
2026-05-09 00:02:31 [main] INFO  AutomationLogger - Browser closed after: tc01_validRegistrationWithValidCredentials
2026-05-09 00:02:33 [main] INFO  AutomationLogger - Browser launched: chrome | URL: https://ecommerce.tealiumdemo.com
2026-05-09 00:02:38 [main] INFO  AutomationLogger - Consent modal not present — continuing normally
2026-05-09 00:02:48 [main] INFO  AutomationLogger - ▶️ TEST STARTED: tc01_validRegistrationWithValidCredentials
2026-05-09 00:02:49 [main] INFO  AutomationLogger - Test data loaded: [validUser] from [testdata/users.json]
2026-05-09 00:02:49 [main] ERROR AutomationLogger - ❌ TEST FAILED: tc01_validRegistrationWithValidCredentials
org.openqa.selenium.NoSuchSessionException: Session ID is null. Using WebDriver after calling quit()?
Build info: version: '4.21.0', revision: '79ed462ef4'
System info: os.name: 'Windows 11', os.arch: 'amd64', os.version: '10.0', java.version: '17.0.8'
Driver info: org.openqa.selenium.chrome.ChromeDriver
Command: [null, findElement {using=id, value=firstname}]
Capabilities {acceptInsecureCerts: false, browserName: chrome, browserVersion: 147.0.7727.138, chrome: {chromedriverVersion: 147.0.7727.117 (474cc805edd..., userDataDir: C:\Users\OMARKH~1\AppData\L...}, fedcm:accounts: true, goog:chromeOptions: {debuggerAddress: localhost:54908}, goog:processID: 22360, networkConnectionEnabled: false, pageLoadStrategy: normal, platformName: windows, proxy: Proxy(), se:cdp: ws://localhost:54908/devtoo..., se:cdpVersion: 147.0.7727.138, setWindowRect: true, strictFileInteractability: false, timeouts: {implicit: 0, pageLoad: 300000, script: 30000}, unhandledPromptBehavior: dismiss and notify, webauthn:extension:credBlob: true, webauthn:extension:largeBlob: true, webauthn:extension:minPinLength: true, webauthn:extension:prf: true, webauthn:virtualAuthenticators: true}
	at org.openqa.selenium.remote.HttpCommandExecutor.execute(HttpCommandExecutor.java:151) ~[selenium-remote-driver-4.21.0.jar:?]
	at org.openqa.selenium.remote.service.DriverCommandExecutor.invokeExecute(DriverCommandExecutor.java:216) ~[selenium-remote-driver-4.21.0.jar:?]
	at org.openqa.selenium.remote.service.DriverCommandExecutor.execute(DriverCommandExecutor.java:174) ~[selenium-remote-driver-4.21.0.jar:?]
	at org.openqa.selenium.remote.RemoteWebDriver.execute(RemoteWebDriver.java:518) ~[selenium-remote-driver-4.21.0.jar:?]
	at org.openqa.selenium.remote.ElementLocation$ElementFinder$2.findElement(ElementLocation.java:165) ~[selenium-remote-driver-4.21.0.jar:?]
	at org.openqa.selenium.remote.ElementLocation.findElement(ElementLocation.java:59) ~[selenium-remote-driver-4.21.0.jar:?]
	at org.openqa.selenium.remote.RemoteWebDriver.findElement(RemoteWebDriver.java:355) ~[selenium-remote-driver-4.21.0.jar:?]
	at org.openqa.selenium.remote.RemoteWebDriver.findElement(RemoteWebDriver.java:349) ~[selenium-remote-driver-4.21.0.jar:?]
	at org.openqa.selenium.support.ui.ExpectedConditions$7.apply(ExpectedConditions.java:194) ~[selenium-support-4.21.0.jar:?]
	at org.openqa.selenium.support.ui.ExpectedConditions$7.apply(ExpectedConditions.java:190) ~[selenium-support-4.21.0.jar:?]
	at org.openqa.selenium.support.ui.FluentWait.until(FluentWait.java:203) ~[selenium-support-4.21.0.jar:?]
	at com.axis.automation.core.BasePage.type(BasePage.java:74) ~[classes/:?]
	at com.axis.automation.pages.RegisterPage.enterFirstName(RegisterPage.java:39) ~[classes/:?]
	at com.axis.automation.pages.RegisterPage.fillFormAndSubmit(RegisterPage.java:75) ~[classes/:?]
	at com.axis.automation.tests.registration.RegistrationTests.tc01_validRegistrationWithValidCredentials(RegistrationTests.java:53) ~[test-classes/:?]
	at java.base/jdk.internal.reflect.NativeMethodAccessorImpl.invoke0(Native Method) ~[?:?]
	at java.base/jdk.internal.reflect.NativeMethodAccessorImpl.invoke(NativeMethodAccessorImpl.java:77) ~[?:?]
	at java.base/jdk.internal.reflect.DelegatingMethodAccessorImpl.invoke(DelegatingMethodAccessorImpl.java:43) ~[?:?]
	at java.base/java.lang.reflect.Method.invoke(Method.java:568) ~[?:?]
	at org.testng.internal.invokers.MethodInvocationHelper.invokeMethod(MethodInvocationHelper.java:141) ~[testng-7.10.2.jar:7.10.2]
	at org.testng.internal.invokers.TestInvoker.invokeMethod(TestInvoker.java:686) ~[testng-7.10.2.jar:7.10.2]
	at org.testng.internal.invokers.TestInvoker.retryFailed(TestInvoker.java:269) ~[testng-7.10.2.jar:7.10.2]
	at org.testng.internal.invokers.MethodRunner.runInSequence(MethodRunner.java:76) ~[testng-7.10.2.jar:7.10.2]
	at org.testng.internal.invokers.TestInvoker$MethodInvocationAgent.invoke(TestInvoker.java:992) ~[testng-7.10.2.jar:7.10.2]
	at org.testng.internal.invokers.TestInvoker.invokeTestMethods(TestInvoker.java:203) ~[testng-7.10.2.jar:7.10.2]
	at org.testng.internal.invokers.TestMethodWorker.invokeTestMethods(TestMethodWorker.java:154) ~[testng-7.10.2.jar:7.10.2]
	at org.testng.internal.invokers.TestMethodWorker.run(TestMethodWorker.java:134) ~[testng-7.10.2.jar:7.10.2]
	at java.base/java.util.ArrayList.forEach(ArrayList.java:1511) [?:?]
	at org.testng.TestRunner.privateRun(TestRunner.java:739) [testng-7.10.2.jar:7.10.2]
	at org.testng.TestRunner.run(TestRunner.java:614) [testng-7.10.2.jar:7.10.2]
	at org.testng.SuiteRunner.runTest(SuiteRunner.java:421) [testng-7.10.2.jar:7.10.2]
	at org.testng.SuiteRunner.runSequentially(SuiteRunner.java:413) [testng-7.10.2.jar:7.10.2]
	at org.testng.SuiteRunner.privateRun(SuiteRunner.java:373) [testng-7.10.2.jar:7.10.2]
	at org.testng.SuiteRunner.run(SuiteRunner.java:312) [testng-7.10.2.jar:7.10.2]
	at org.testng.SuiteRunnerWorker.runSuite(SuiteRunnerWorker.java:52) [testng-7.10.2.jar:7.10.2]
	at org.testng.SuiteRunnerWorker.run(SuiteRunnerWorker.java:95) [testng-7.10.2.jar:7.10.2]
	at org.testng.TestNG.runSuitesSequentially(TestNG.java:1274) [testng-7.10.2.jar:7.10.2]
	at org.testng.TestNG.runSuitesLocally(TestNG.java:1208) [testng-7.10.2.jar:7.10.2]
	at org.testng.TestNG.runSuites(TestNG.java:1112) [testng-7.10.2.jar:7.10.2]
	at org.testng.TestNG.run(TestNG.java:1079) [testng-7.10.2.jar:7.10.2]
	at com.intellij.rt.testng.IDEARemoteTestNG.run(IDEARemoteTestNG.java:66) [testng-rt.jar:?]
	at com.intellij.rt.testng.RemoteTestNGStarter.main(RemoteTestNGStarter.java:105) [testng-rt.jar:?]
2026-05-09 00:02:49 [main] ERROR AutomationLogger - Failed to capture screenshot: FAILED - tc01_validRegistrationWithValidCredentials
org.openqa.selenium.NoSuchWindowException: no such window: target window already closed
from unknown error: web view not found
  (Session info: chrome=147.0.7727.138)
Build info: version: '4.21.0', revision: '79ed462ef4'
System info: os.name: 'Windows 11', os.arch: 'amd64', os.version: '10.0', java.version: '17.0.8'
Driver info: org.openqa.selenium.chrome.ChromeDriver
Command: [dad4f26d27ac2168ff1bb926bce02918, screenshot {}]
Capabilities {acceptInsecureCerts: false, browserName: chrome, browserVersion: 147.0.7727.138, chrome: {chromedriverVersion: 147.0.7727.117 (474cc805edd..., userDataDir: C:\Users\OMARKH~1\AppData\L...}, fedcm:accounts: true, goog:chromeOptions: {debuggerAddress: localhost:56071}, goog:processID: 21524, networkConnectionEnabled: false, pageLoadStrategy: normal, platformName: windows, proxy: Proxy(), se:cdp: ws://localhost:56071/devtoo..., se:cdpVersion: 147.0.7727.138, setWindowRect: true, strictFileInteractability: false, timeouts: {implicit: 0, pageLoad: 300000, script: 30000}, unhandledPromptBehavior: dismiss and notify, webauthn:extension:credBlob: true, webauthn:extension:largeBlob: true, webauthn:extension:minPinLength: true, webauthn:extension:prf: true, webauthn:virtualAuthenticators: true}
Session ID: dad4f26d27ac2168ff1bb926bce02918
	at jdk.internal.reflect.GeneratedConstructorAccessor19.newInstance(Unknown Source) ~[?:?]
	at java.base/jdk.internal.reflect.DelegatingConstructorAccessorImpl.newInstance(DelegatingConstructorAccessorImpl.java:45) ~[?:?]
	at java.base/java.lang.reflect.Constructor.newInstanceWithCaller(Constructor.java:499) ~[?:?]
	at java.base/java.lang.reflect.Constructor.newInstance(Constructor.java:480) ~[?:?]
	at org.openqa.selenium.remote.ErrorCodec.decode(ErrorCodec.java:167) ~[selenium-remote-driver-4.21.0.jar:?]
	at org.openqa.selenium.remote.codec.w3c.W3CHttpResponseCodec.decode(W3CHttpResponseCodec.java:138) ~[selenium-remote-driver-4.21.0.jar:?]
	at org.openqa.selenium.remote.codec.w3c.W3CHttpResponseCodec.decode(W3CHttpResponseCodec.java:50) ~[selenium-remote-driver-4.21.0.jar:?]
	at org.openqa.selenium.remote.HttpCommandExecutor.execute(HttpCommandExecutor.java:190) ~[selenium-remote-driver-4.21.0.jar:?]
	at org.openqa.selenium.remote.service.DriverCommandExecutor.invokeExecute(DriverCommandExecutor.java:216) ~[selenium-remote-driver-4.21.0.jar:?]
	at org.openqa.selenium.remote.service.DriverCommandExecutor.execute(DriverCommandExecutor.java:174) ~[selenium-remote-driver-4.21.0.jar:?]
	at org.openqa.selenium.remote.RemoteWebDriver.execute(RemoteWebDriver.java:518) ~[selenium-remote-driver-4.21.0.jar:?]
	at org.openqa.selenium.remote.RemoteWebDriver.execute(RemoteWebDriver.java:591) ~[selenium-remote-driver-4.21.0.jar:?]
	at org.openqa.selenium.remote.RemoteWebDriver.execute(RemoteWebDriver.java:595) ~[selenium-remote-driver-4.21.0.jar:?]
	at org.openqa.selenium.remote.RemoteWebDriver.getScreenshotAs(RemoteWebDriver.java:321) ~[selenium-remote-driver-4.21.0.jar:?]
	at com.axis.automation.utils.ScreenshotUtils.captureAndAttach(ScreenshotUtils.java:27) ~[classes/:?]
	at com.axis.automation.listeners.TestListener.onTestFailure(TestListener.java:29) ~[test-classes/:?]
	at org.testng.internal.TestListenerHelper.runTestListeners(TestListenerHelper.java:115) ~[testng-7.10.2.jar:7.10.2]
	at org.testng.internal.invokers.TestInvoker.runTestResultListener(TestInvoker.java:285) ~[testng-7.10.2.jar:7.10.2]
	at org.testng.internal.invokers.TestInvoker.invokeMethod(TestInvoker.java:774) ~[testng-7.10.2.jar:7.10.2]
	at org.testng.internal.invokers.TestInvoker.retryFailed(TestInvoker.java:269) ~[testng-7.10.2.jar:7.10.2]
	at org.testng.internal.invokers.MethodRunner.runInSequence(MethodRunner.java:76) ~[testng-7.10.2.jar:7.10.2]
	at org.testng.internal.invokers.TestInvoker$MethodInvocationAgent.invoke(TestInvoker.java:992) ~[testng-7.10.2.jar:7.10.2]
	at org.testng.internal.invokers.TestInvoker.invokeTestMethods(TestInvoker.java:203) ~[testng-7.10.2.jar:7.10.2]
	at org.testng.internal.invokers.TestMethodWorker.invokeTestMethods(TestMethodWorker.java:154) ~[testng-7.10.2.jar:7.10.2]
	at org.testng.internal.invokers.TestMethodWorker.run(TestMethodWorker.java:134) ~[testng-7.10.2.jar:7.10.2]
	at java.base/java.util.ArrayList.forEach(ArrayList.java:1511) [?:?]
	at org.testng.TestRunner.privateRun(TestRunner.java:739) [testng-7.10.2.jar:7.10.2]
	at org.testng.TestRunner.run(TestRunner.java:614) [testng-7.10.2.jar:7.10.2]
	at org.testng.SuiteRunner.runTest(SuiteRunner.java:421) [testng-7.10.2.jar:7.10.2]
	at org.testng.SuiteRunner.runSequentially(SuiteRunner.java:413) [testng-7.10.2.jar:7.10.2]
	at org.testng.SuiteRunner.privateRun(SuiteRunner.java:373) [testng-7.10.2.jar:7.10.2]
	at org.testng.SuiteRunner.run(SuiteRunner.java:312) [testng-7.10.2.jar:7.10.2]
	at org.testng.SuiteRunnerWorker.runSuite(SuiteRunnerWorker.java:52) [testng-7.10.2.jar:7.10.2]
	at org.testng.SuiteRunnerWorker.run(SuiteRunnerWorker.java:95) [testng-7.10.2.jar:7.10.2]
	at org.testng.TestNG.runSuitesSequentially(TestNG.java:1274) [testng-7.10.2.jar:7.10.2]
	at org.testng.TestNG.runSuitesLocally(TestNG.java:1208) [testng-7.10.2.jar:7.10.2]
	at org.testng.TestNG.runSuites(TestNG.java:1112) [testng-7.10.2.jar:7.10.2]
	at org.testng.TestNG.run(TestNG.java:1079) [testng-7.10.2.jar:7.10.2]
	at com.intellij.rt.testng.IDEARemoteTestNG.run(IDEARemoteTestNG.java:66) [testng-rt.jar:?]
	at com.intellij.rt.testng.RemoteTestNGStarter.main(RemoteTestNGStarter.java:105) [testng-rt.jar:?]
2026-05-09 00:02:49 [main] ERROR AutomationLogger - ❌ FAILED: tc01_validRegistrationWithValidCredentials
org.openqa.selenium.NoSuchSessionException: Session ID is null. Using WebDriver after calling quit()?
Build info: version: '4.21.0', revision: '79ed462ef4'
System info: os.name: 'Windows 11', os.arch: 'amd64', os.version: '10.0', java.version: '17.0.8'
Driver info: org.openqa.selenium.chrome.ChromeDriver
Command: [null, findElement {using=id, value=firstname}]
Capabilities {acceptInsecureCerts: false, browserName: chrome, browserVersion: 147.0.7727.138, chrome: {chromedriverVersion: 147.0.7727.117 (474cc805edd..., userDataDir: C:\Users\OMARKH~1\AppData\L...}, fedcm:accounts: true, goog:chromeOptions: {debuggerAddress: localhost:54908}, goog:processID: 22360, networkConnectionEnabled: false, pageLoadStrategy: normal, platformName: windows, proxy: Proxy(), se:cdp: ws://localhost:54908/devtoo..., se:cdpVersion: 147.0.7727.138, setWindowRect: true, strictFileInteractability: false, timeouts: {implicit: 0, pageLoad: 300000, script: 30000}, unhandledPromptBehavior: dismiss and notify, webauthn:extension:credBlob: true, webauthn:extension:largeBlob: true, webauthn:extension:minPinLength: true, webauthn:extension:prf: true, webauthn:virtualAuthenticators: true}
	at org.openqa.selenium.remote.HttpCommandExecutor.execute(HttpCommandExecutor.java:151) ~[selenium-remote-driver-4.21.0.jar:?]
	at org.openqa.selenium.remote.service.DriverCommandExecutor.invokeExecute(DriverCommandExecutor.java:216) ~[selenium-remote-driver-4.21.0.jar:?]
	at org.openqa.selenium.remote.service.DriverCommandExecutor.execute(DriverCommandExecutor.java:174) ~[selenium-remote-driver-4.21.0.jar:?]
	at org.openqa.selenium.remote.RemoteWebDriver.execute(RemoteWebDriver.java:518) ~[selenium-remote-driver-4.21.0.jar:?]
	at org.openqa.selenium.remote.ElementLocation$ElementFinder$2.findElement(ElementLocation.java:165) ~[selenium-remote-driver-4.21.0.jar:?]
	at org.openqa.selenium.remote.ElementLocation.findElement(ElementLocation.java:59) ~[selenium-remote-driver-4.21.0.jar:?]
	at org.openqa.selenium.remote.RemoteWebDriver.findElement(RemoteWebDriver.java:355) ~[selenium-remote-driver-4.21.0.jar:?]
	at org.openqa.selenium.remote.RemoteWebDriver.findElement(RemoteWebDriver.java:349) ~[selenium-remote-driver-4.21.0.jar:?]
	at org.openqa.selenium.support.ui.ExpectedConditions$7.apply(ExpectedConditions.java:194) ~[selenium-support-4.21.0.jar:?]
	at org.openqa.selenium.support.ui.ExpectedConditions$7.apply(ExpectedConditions.java:190) ~[selenium-support-4.21.0.jar:?]
	at org.openqa.selenium.support.ui.FluentWait.until(FluentWait.java:203) ~[selenium-support-4.21.0.jar:?]
	at com.axis.automation.core.BasePage.type(BasePage.java:74) ~[classes/:?]
	at com.axis.automation.pages.RegisterPage.enterFirstName(RegisterPage.java:39) ~[classes/:?]
	at com.axis.automation.pages.RegisterPage.fillFormAndSubmit(RegisterPage.java:75) ~[classes/:?]
	at com.axis.automation.tests.registration.RegistrationTests.tc01_validRegistrationWithValidCredentials(RegistrationTests.java:53) ~[test-classes/:?]
	at java.base/jdk.internal.reflect.NativeMethodAccessorImpl.invoke0(Native Method) ~[?:?]
	at java.base/jdk.internal.reflect.NativeMethodAccessorImpl.invoke(NativeMethodAccessorImpl.java:77) ~[?:?]
	at java.base/jdk.internal.reflect.DelegatingMethodAccessorImpl.invoke(DelegatingMethodAccessorImpl.java:43) ~[?:?]
	at java.base/java.lang.reflect.Method.invoke(Method.java:568) ~[?:?]
	at org.testng.internal.invokers.MethodInvocationHelper.invokeMethod(MethodInvocationHelper.java:141) ~[testng-7.10.2.jar:7.10.2]
	at org.testng.internal.invokers.TestInvoker.invokeMethod(TestInvoker.java:686) ~[testng-7.10.2.jar:7.10.2]
	at org.testng.internal.invokers.TestInvoker.retryFailed(TestInvoker.java:269) ~[testng-7.10.2.jar:7.10.2]
	at org.testng.internal.invokers.MethodRunner.runInSequence(MethodRunner.java:76) ~[testng-7.10.2.jar:7.10.2]
	at org.testng.internal.invokers.TestInvoker$MethodInvocationAgent.invoke(TestInvoker.java:992) ~[testng-7.10.2.jar:7.10.2]
	at org.testng.internal.invokers.TestInvoker.invokeTestMethods(TestInvoker.java:203) ~[testng-7.10.2.jar:7.10.2]
	at org.testng.internal.invokers.TestMethodWorker.invokeTestMethods(TestMethodWorker.java:154) ~[testng-7.10.2.jar:7.10.2]
	at org.testng.internal.invokers.TestMethodWorker.run(TestMethodWorker.java:134) ~[testng-7.10.2.jar:7.10.2]
	at java.base/java.util.ArrayList.forEach(ArrayList.java:1511) [?:?]
	at org.testng.TestRunner.privateRun(TestRunner.java:739) [testng-7.10.2.jar:7.10.2]
	at org.testng.TestRunner.run(TestRunner.java:614) [testng-7.10.2.jar:7.10.2]
	at org.testng.SuiteRunner.runTest(SuiteRunner.java:421) [testng-7.10.2.jar:7.10.2]
	at org.testng.SuiteRunner.runSequentially(SuiteRunner.java:413) [testng-7.10.2.jar:7.10.2]
	at org.testng.SuiteRunner.privateRun(SuiteRunner.java:373) [testng-7.10.2.jar:7.10.2]
	at org.testng.SuiteRunner.run(SuiteRunner.java:312) [testng-7.10.2.jar:7.10.2]
	at org.testng.SuiteRunnerWorker.runSuite(SuiteRunnerWorker.java:52) [testng-7.10.2.jar:7.10.2]
	at org.testng.SuiteRunnerWorker.run(SuiteRunnerWorker.java:95) [testng-7.10.2.jar:7.10.2]
	at org.testng.TestNG.runSuitesSequentially(TestNG.java:1274) [testng-7.10.2.jar:7.10.2]
	at org.testng.TestNG.runSuitesLocally(TestNG.java:1208) [testng-7.10.2.jar:7.10.2]
	at org.testng.TestNG.runSuites(TestNG.java:1112) [testng-7.10.2.jar:7.10.2]
	at org.testng.TestNG.run(TestNG.java:1079) [testng-7.10.2.jar:7.10.2]
	at com.intellij.rt.testng.IDEARemoteTestNG.run(IDEARemoteTestNG.java:66) [testng-rt.jar:?]
	at com.intellij.rt.testng.RemoteTestNGStarter.main(RemoteTestNGStarter.java:105) [testng-rt.jar:?]
2026-05-09 00:02:49 [main] INFO  AutomationLogger - Browser closed after: tc01_validRegistrationWithValidCredentials
2026-05-09 00:09:59 [main] INFO  AutomationLogger - Browser launched: chrome | URL: https://ecommerce.tealiumdemo.com
2026-05-09 00:10:00 [main] INFO  AutomationLogger - Clicked: By.cssSelector: input#privacy_pref_optin
2026-05-09 00:10:00 [main] INFO  AutomationLogger - Consent modal detected — selected Opt-In
2026-05-09 00:10:00 [main] INFO  AutomationLogger - Clicked: By.cssSelector: div#consent_prompt_submit
2026-05-09 00:10:00 [main] INFO  AutomationLogger - Consent modal dismissed successfully
2026-05-09 00:10:01 [main] INFO  AutomationLogger - Clicked: By.cssSelector: a.skip-account
2026-05-09 00:10:01 [main] INFO  AutomationLogger - Opened account dropdown
2026-05-09 00:10:02 [main] INFO  AutomationLogger - Clicked: By.cssSelector: #header-account a[href*='account/create']
2026-05-09 00:10:02 [main] INFO  AutomationLogger - Clicked Register from header
2026-05-09 00:10:03 [main] INFO  AutomationLogger - ▶️ TEST STARTED: tc01_validRegistrationWithValidCredentials
2026-05-09 00:10:04 [main] INFO  AutomationLogger - Test data loaded: [validUser] from [testdata/users.json]
2026-05-09 00:10:04 [main] INFO  AutomationLogger - Typed 'Omar' into: By.id: firstname
2026-05-09 00:10:04 [main] INFO  AutomationLogger - Entered first name: Omar
2026-05-09 00:10:04 [main] INFO  AutomationLogger - Typed 'Adriano' into: By.id: lastname
2026-05-09 00:10:04 [main] INFO  AutomationLogger - Entered last name: Adriano
2026-05-09 00:10:04 [main] INFO  AutomationLogger - Typed 'axis.testuser.reg2026@gmail.com' into: By.id: email_address
2026-05-09 00:10:04 [main] INFO  AutomationLogger - Entered email: axis.testuser.reg2026@gmail.com
2026-05-09 00:10:05 [main] INFO  AutomationLogger - Typed 'Adriano@123' into: By.id: password
2026-05-09 00:10:05 [main] INFO  AutomationLogger - Entered password
2026-05-09 00:10:05 [main] INFO  AutomationLogger - Typed 'Adriano@123' into: By.id: confirmation
2026-05-09 00:10:05 [main] INFO  AutomationLogger - Entered confirm password
2026-05-09 00:10:05 [main] INFO  AutomationLogger - Scrolled to: By.cssSelector: button[title='Register']
2026-05-09 00:10:07 [main] INFO  AutomationLogger - JS Clicked: By.cssSelector: button[title='Register']
2026-05-09 00:10:07 [main] INFO  AutomationLogger - Registration submitted — transitioning to Account Dashboard
2026-05-09 00:10:07 [main] INFO  AutomationLogger - Account dashboard loaded successfully
2026-05-09 00:10:07 [main] INFO  AutomationLogger - ✅ TEST PASSED: tc01_validRegistrationWithValidCredentials
2026-05-09 00:10:07 [main] INFO  AutomationLogger - ✅ PASSED: tc01_validRegistrationWithValidCredentials
2026-05-09 00:10:07 [main] INFO  AutomationLogger - Browser closed after: tc01_validRegistrationWithValidCredentials
2026-05-09 00:12:09 [main] INFO  AutomationLogger - Browser launched: chrome | URL: https://ecommerce.tealiumdemo.com
2026-05-09 00:12:10 [main] INFO  AutomationLogger - Clicked: By.cssSelector: input#privacy_pref_optin
2026-05-09 00:12:10 [main] INFO  AutomationLogger - Consent modal detected — selected Opt-In
2026-05-09 00:12:10 [main] INFO  AutomationLogger - Clicked: By.cssSelector: div#consent_prompt_submit
2026-05-09 00:12:10 [main] INFO  AutomationLogger - Consent modal dismissed successfully
2026-05-09 00:12:11 [main] INFO  AutomationLogger - Clicked: By.cssSelector: a.skip-account
2026-05-09 00:12:11 [main] INFO  AutomationLogger - Opened account dropdown
2026-05-09 00:12:11 [main] INFO  AutomationLogger - Clicked: By.cssSelector: #header-account a[href*='account/create']
2026-05-09 00:12:11 [main] INFO  AutomationLogger - Clicked Register from header
2026-05-09 00:12:13 [main] INFO  AutomationLogger - ▶️ TEST STARTED: tc02_invalidRegistrationShowsFieldErrors
2026-05-09 00:12:14 [main] INFO  AutomationLogger - Test data loaded: [invalidUser] from [testdata/users.json]
2026-05-09 00:12:14 [main] INFO  AutomationLogger - Typed '' into: By.id: firstname
2026-05-09 00:12:14 [main] INFO  AutomationLogger - Entered first name: 
2026-05-09 00:12:14 [main] INFO  AutomationLogger - Typed '' into: By.id: lastname
2026-05-09 00:12:14 [main] INFO  AutomationLogger - Entered last name: 
2026-05-09 00:12:14 [main] INFO  AutomationLogger - Typed 'not-valid-email' into: By.id: email_address
2026-05-09 00:12:14 [main] INFO  AutomationLogger - Entered email: not-valid-email
2026-05-09 00:12:14 [main] INFO  AutomationLogger - Typed '123' into: By.id: password
2026-05-09 00:12:14 [main] INFO  AutomationLogger - Entered password
2026-05-09 00:12:14 [main] INFO  AutomationLogger - Typed '456' into: By.id: confirmation
2026-05-09 00:12:14 [main] INFO  AutomationLogger - Entered confirm password
2026-05-09 00:12:15 [main] INFO  AutomationLogger - Scrolled to: By.cssSelector: button[title='Register']
2026-05-09 00:12:15 [main] INFO  AutomationLogger - JS Clicked: By.cssSelector: button[title='Register']
2026-05-09 00:12:15 [main] INFO  AutomationLogger - Clicked Register submit button
2026-05-09 00:12:25 [main] ERROR AutomationLogger - ❌ TEST FAILED: tc02_invalidRegistrationShowsFieldErrors
org.openqa.selenium.TimeoutException: Expected condition failed: waiting for visibility of element located by By.cssSelector: #advice-validate-email-email_address, #advice-required-entry-email_address (tried for 10 second(s) with 500 milliseconds interval)
Build info: version: '4.21.0', revision: '79ed462ef4'
System info: os.name: 'Windows 11', os.arch: 'amd64', os.version: '10.0', java.version: '17.0.8'
Driver info: org.openqa.selenium.chrome.ChromeDriver
Capabilities {acceptInsecureCerts: false, browserName: chrome, browserVersion: 147.0.7727.138, chrome: {chromedriverVersion: 147.0.7727.117 (474cc805edd..., userDataDir: C:\Users\OMARKH~1\AppData\L...}, fedcm:accounts: true, goog:chromeOptions: {debuggerAddress: localhost:56024}, goog:processID: 24364, networkConnectionEnabled: false, pageLoadStrategy: normal, platformName: windows, proxy: Proxy(), se:cdp: ws://localhost:56024/devtoo..., se:cdpVersion: 147.0.7727.138, setWindowRect: true, strictFileInteractability: false, timeouts: {implicit: 0, pageLoad: 300000, script: 30000}, unhandledPromptBehavior: dismiss and notify, webauthn:extension:credBlob: true, webauthn:extension:largeBlob: true, webauthn:extension:minPinLength: true, webauthn:extension:prf: true, webauthn:virtualAuthenticators: true}
Session ID: de388fbf3aaca28a018e34f86841acde
	at org.openqa.selenium.support.ui.WebDriverWait.timeoutException(WebDriverWait.java:84) ~[selenium-support-4.21.0.jar:?]
	at org.openqa.selenium.support.ui.FluentWait.until(FluentWait.java:228) ~[selenium-support-4.21.0.jar:?]
	at com.axis.automation.utils.WaitUtils.waitForVisibility(WaitUtils.java:55) ~[classes/:?]
	at com.axis.automation.utils.WaitUtils.waitForVisibility(WaitUtils.java:47) ~[classes/:?]
	at com.axis.automation.pages.RegisterPage.getEmailError(RegisterPage.java:121) ~[classes/:?]
	at com.axis.automation.tests.registration.RegistrationTests.tc02_invalidRegistrationShowsFieldErrors(RegistrationTests.java:92) ~[test-classes/:?]
	at java.base/jdk.internal.reflect.NativeMethodAccessorImpl.invoke0(Native Method) ~[?:?]
	at java.base/jdk.internal.reflect.NativeMethodAccessorImpl.invoke(NativeMethodAccessorImpl.java:77) ~[?:?]
	at java.base/jdk.internal.reflect.DelegatingMethodAccessorImpl.invoke(DelegatingMethodAccessorImpl.java:43) ~[?:?]
	at java.base/java.lang.reflect.Method.invoke(Method.java:568) ~[?:?]
	at org.testng.internal.invokers.MethodInvocationHelper.invokeMethod(MethodInvocationHelper.java:141) ~[testng-7.10.2.jar:7.10.2]
	at org.testng.internal.invokers.TestInvoker.invokeMethod(TestInvoker.java:686) ~[testng-7.10.2.jar:7.10.2]
	at org.testng.internal.invokers.TestInvoker.invokeTestMethod(TestInvoker.java:230) ~[testng-7.10.2.jar:7.10.2]
	at org.testng.internal.invokers.MethodRunner.runInSequence(MethodRunner.java:63) ~[testng-7.10.2.jar:7.10.2]
	at org.testng.internal.invokers.TestInvoker$MethodInvocationAgent.invoke(TestInvoker.java:992) ~[testng-7.10.2.jar:7.10.2]
	at org.testng.internal.invokers.TestInvoker.invokeTestMethods(TestInvoker.java:203) ~[testng-7.10.2.jar:7.10.2]
	at org.testng.internal.invokers.TestMethodWorker.invokeTestMethods(TestMethodWorker.java:154) ~[testng-7.10.2.jar:7.10.2]
	at org.testng.internal.invokers.TestMethodWorker.run(TestMethodWorker.java:134) ~[testng-7.10.2.jar:7.10.2]
	at java.base/java.util.ArrayList.forEach(ArrayList.java:1511) [?:?]
	at org.testng.TestRunner.privateRun(TestRunner.java:739) [testng-7.10.2.jar:7.10.2]
	at org.testng.TestRunner.run(TestRunner.java:614) [testng-7.10.2.jar:7.10.2]
	at org.testng.SuiteRunner.runTest(SuiteRunner.java:421) [testng-7.10.2.jar:7.10.2]
	at org.testng.SuiteRunner.runSequentially(SuiteRunner.java:413) [testng-7.10.2.jar:7.10.2]
	at org.testng.SuiteRunner.privateRun(SuiteRunner.java:373) [testng-7.10.2.jar:7.10.2]
	at org.testng.SuiteRunner.run(SuiteRunner.java:312) [testng-7.10.2.jar:7.10.2]
	at org.testng.SuiteRunnerWorker.runSuite(SuiteRunnerWorker.java:52) [testng-7.10.2.jar:7.10.2]
	at org.testng.SuiteRunnerWorker.run(SuiteRunnerWorker.java:95) [testng-7.10.2.jar:7.10.2]
	at org.testng.TestNG.runSuitesSequentially(TestNG.java:1274) [testng-7.10.2.jar:7.10.2]
	at org.testng.TestNG.runSuitesLocally(TestNG.java:1208) [testng-7.10.2.jar:7.10.2]
	at org.testng.TestNG.runSuites(TestNG.java:1112) [testng-7.10.2.jar:7.10.2]
	at org.testng.TestNG.run(TestNG.java:1079) [testng-7.10.2.jar:7.10.2]
	at com.intellij.rt.testng.IDEARemoteTestNG.run(IDEARemoteTestNG.java:66) [testng-rt.jar:?]
	at com.intellij.rt.testng.RemoteTestNGStarter.main(RemoteTestNGStarter.java:105) [testng-rt.jar:?]
2026-05-09 00:12:25 [main] INFO  AutomationLogger - Screenshot captured: FAILED - tc02_invalidRegistrationShowsFieldErrors
2026-05-09 00:12:25 [main] ERROR AutomationLogger - ❌ FAILED: tc02_invalidRegistrationShowsFieldErrors
org.openqa.selenium.TimeoutException: Expected condition failed: waiting for visibility of element located by By.cssSelector: #advice-validate-email-email_address, #advice-required-entry-email_address (tried for 10 second(s) with 500 milliseconds interval)
Build info: version: '4.21.0', revision: '79ed462ef4'
System info: os.name: 'Windows 11', os.arch: 'amd64', os.version: '10.0', java.version: '17.0.8'
Driver info: org.openqa.selenium.chrome.ChromeDriver
Capabilities {acceptInsecureCerts: false, browserName: chrome, browserVersion: 147.0.7727.138, chrome: {chromedriverVersion: 147.0.7727.117 (474cc805edd..., userDataDir: C:\Users\OMARKH~1\AppData\L...}, fedcm:accounts: true, goog:chromeOptions: {debuggerAddress: localhost:56024}, goog:processID: 24364, networkConnectionEnabled: false, pageLoadStrategy: normal, platformName: windows, proxy: Proxy(), se:cdp: ws://localhost:56024/devtoo..., se:cdpVersion: 147.0.7727.138, setWindowRect: true, strictFileInteractability: false, timeouts: {implicit: 0, pageLoad: 300000, script: 30000}, unhandledPromptBehavior: dismiss and notify, webauthn:extension:credBlob: true, webauthn:extension:largeBlob: true, webauthn:extension:minPinLength: true, webauthn:extension:prf: true, webauthn:virtualAuthenticators: true}
Session ID: de388fbf3aaca28a018e34f86841acde
	at org.openqa.selenium.support.ui.WebDriverWait.timeoutException(WebDriverWait.java:84) ~[selenium-support-4.21.0.jar:?]
	at org.openqa.selenium.support.ui.FluentWait.until(FluentWait.java:228) ~[selenium-support-4.21.0.jar:?]
	at com.axis.automation.utils.WaitUtils.waitForVisibility(WaitUtils.java:55) ~[classes/:?]
	at com.axis.automation.utils.WaitUtils.waitForVisibility(WaitUtils.java:47) ~[classes/:?]
	at com.axis.automation.pages.RegisterPage.getEmailError(RegisterPage.java:121) ~[classes/:?]
	at com.axis.automation.tests.registration.RegistrationTests.tc02_invalidRegistrationShowsFieldErrors(RegistrationTests.java:92) ~[test-classes/:?]
	at java.base/jdk.internal.reflect.NativeMethodAccessorImpl.invoke0(Native Method) ~[?:?]
	at java.base/jdk.internal.reflect.NativeMethodAccessorImpl.invoke(NativeMethodAccessorImpl.java:77) ~[?:?]
	at java.base/jdk.internal.reflect.DelegatingMethodAccessorImpl.invoke(DelegatingMethodAccessorImpl.java:43) ~[?:?]
	at java.base/java.lang.reflect.Method.invoke(Method.java:568) ~[?:?]
	at org.testng.internal.invokers.MethodInvocationHelper.invokeMethod(MethodInvocationHelper.java:141) ~[testng-7.10.2.jar:7.10.2]
	at org.testng.internal.invokers.TestInvoker.invokeMethod(TestInvoker.java:686) ~[testng-7.10.2.jar:7.10.2]
	at org.testng.internal.invokers.TestInvoker.invokeTestMethod(TestInvoker.java:230) ~[testng-7.10.2.jar:7.10.2]
	at org.testng.internal.invokers.MethodRunner.runInSequence(MethodRunner.java:63) ~[testng-7.10.2.jar:7.10.2]
	at org.testng.internal.invokers.TestInvoker$MethodInvocationAgent.invoke(TestInvoker.java:992) ~[testng-7.10.2.jar:7.10.2]
	at org.testng.internal.invokers.TestInvoker.invokeTestMethods(TestInvoker.java:203) ~[testng-7.10.2.jar:7.10.2]
	at org.testng.internal.invokers.TestMethodWorker.invokeTestMethods(TestMethodWorker.java:154) ~[testng-7.10.2.jar:7.10.2]
	at org.testng.internal.invokers.TestMethodWorker.run(TestMethodWorker.java:134) ~[testng-7.10.2.jar:7.10.2]
	at java.base/java.util.ArrayList.forEach(ArrayList.java:1511) [?:?]
	at org.testng.TestRunner.privateRun(TestRunner.java:739) [testng-7.10.2.jar:7.10.2]
	at org.testng.TestRunner.run(TestRunner.java:614) [testng-7.10.2.jar:7.10.2]
	at org.testng.SuiteRunner.runTest(SuiteRunner.java:421) [testng-7.10.2.jar:7.10.2]
	at org.testng.SuiteRunner.runSequentially(SuiteRunner.java:413) [testng-7.10.2.jar:7.10.2]
	at org.testng.SuiteRunner.privateRun(SuiteRunner.java:373) [testng-7.10.2.jar:7.10.2]
	at org.testng.SuiteRunner.run(SuiteRunner.java:312) [testng-7.10.2.jar:7.10.2]
	at org.testng.SuiteRunnerWorker.runSuite(SuiteRunnerWorker.java:52) [testng-7.10.2.jar:7.10.2]
	at org.testng.SuiteRunnerWorker.run(SuiteRunnerWorker.java:95) [testng-7.10.2.jar:7.10.2]
	at org.testng.TestNG.runSuitesSequentially(TestNG.java:1274) [testng-7.10.2.jar:7.10.2]
	at org.testng.TestNG.runSuitesLocally(TestNG.java:1208) [testng-7.10.2.jar:7.10.2]
	at org.testng.TestNG.runSuites(TestNG.java:1112) [testng-7.10.2.jar:7.10.2]
	at org.testng.TestNG.run(TestNG.java:1079) [testng-7.10.2.jar:7.10.2]
	at com.intellij.rt.testng.IDEARemoteTestNG.run(IDEARemoteTestNG.java:66) [testng-rt.jar:?]
	at com.intellij.rt.testng.RemoteTestNGStarter.main(RemoteTestNGStarter.java:105) [testng-rt.jar:?]
2026-05-09 00:12:26 [main] INFO  AutomationLogger - Browser closed after: tc02_invalidRegistrationShowsFieldErrors
2026-05-09 00:15:38 [main] INFO  AutomationLogger - Browser launched: chrome | URL: https://ecommerce.tealiumdemo.com
2026-05-09 00:15:39 [main] INFO  AutomationLogger - Clicked: By.cssSelector: input#privacy_pref_optin
2026-05-09 00:15:39 [main] INFO  AutomationLogger - Consent modal detected — selected Opt-In
2026-05-09 00:15:39 [main] INFO  AutomationLogger - Clicked: By.cssSelector: div#consent_prompt_submit
2026-05-09 00:15:39 [main] INFO  AutomationLogger - Consent modal dismissed successfully
2026-05-09 00:15:40 [main] INFO  AutomationLogger - Clicked: By.cssSelector: a.skip-account
2026-05-09 00:15:40 [main] INFO  AutomationLogger - Opened account dropdown
2026-05-09 00:15:41 [main] INFO  AutomationLogger - Clicked: By.cssSelector: #header-account a[href*='account/create']
2026-05-09 00:15:41 [main] INFO  AutomationLogger - Clicked Register from header
2026-05-09 00:15:43 [main] INFO  AutomationLogger - ▶️ TEST STARTED: tc03_missingRequiredFieldsShowsAllErrors
2026-05-09 00:15:43 [main] INFO  AutomationLogger - Test data loaded: [missingFieldsUser] from [testdata/users.json]
2026-05-09 00:15:44 [main] INFO  AutomationLogger - Typed '' into: By.id: firstname
2026-05-09 00:15:44 [main] INFO  AutomationLogger - Entered first name: 
2026-05-09 00:15:44 [main] INFO  AutomationLogger - Typed '' into: By.id: lastname
2026-05-09 00:15:44 [main] INFO  AutomationLogger - Entered last name: 
2026-05-09 00:15:44 [main] INFO  AutomationLogger - Typed '' into: By.id: email_address
2026-05-09 00:15:44 [main] INFO  AutomationLogger - Entered email: 
2026-05-09 00:15:44 [main] INFO  AutomationLogger - Typed '' into: By.id: password
2026-05-09 00:15:44 [main] INFO  AutomationLogger - Entered password
2026-05-09 00:15:44 [main] INFO  AutomationLogger - Typed '' into: By.id: confirmation
2026-05-09 00:15:44 [main] INFO  AutomationLogger - Entered confirm password
2026-05-09 00:15:44 [main] INFO  AutomationLogger - Scrolled to: By.cssSelector: button[title='Register']
2026-05-09 00:15:44 [main] INFO  AutomationLogger - JS Clicked: By.cssSelector: button[title='Register']
2026-05-09 00:15:44 [main] INFO  AutomationLogger - Clicked Register submit button
2026-05-09 00:15:45 [main] INFO  AutomationLogger - ✅ TEST PASSED: tc03_missingRequiredFieldsShowsAllErrors
2026-05-09 00:15:45 [main] INFO  AutomationLogger - ✅ PASSED: tc03_missingRequiredFieldsShowsAllErrors
2026-05-09 00:15:45 [main] INFO  AutomationLogger - Browser closed after: tc03_missingRequiredFieldsShowsAllErrors
2026-05-09 00:22:30 [main] INFO  AutomationLogger - Browser launched: chrome | URL: https://ecommerce.tealiumdemo.com
2026-05-09 00:22:31 [main] INFO  AutomationLogger - Clicked: By.cssSelector: input#privacy_pref_optin
2026-05-09 00:22:31 [main] INFO  AutomationLogger - Consent modal detected — selected Opt-In
2026-05-09 00:22:31 [main] INFO  AutomationLogger - Clicked: By.cssSelector: div#consent_prompt_submit
2026-05-09 00:22:31 [main] INFO  AutomationLogger - Consent modal dismissed successfully
2026-05-09 00:22:32 [main] INFO  AutomationLogger - Clicked: By.cssSelector: a.skip-account
2026-05-09 00:22:32 [main] INFO  AutomationLogger - Opened account dropdown
2026-05-09 00:22:32 [main] INFO  AutomationLogger - Clicked: By.cssSelector: #header-account a[href*='account/login']
2026-05-09 00:22:32 [main] INFO  AutomationLogger - Clicked Log In from header
2026-05-09 00:22:34 [main] INFO  AutomationLogger - ▶️ TEST STARTED: tc01_validLoginWithValidCredentials
2026-05-09 00:22:35 [main] INFO  AutomationLogger - Test data loaded: [existingUser] from [testdata/users.json]
2026-05-09 00:22:35 [main] INFO  AutomationLogger - Typed 'o.khaledomar98@gmail.com' into: By.id: email
2026-05-09 00:22:35 [main] INFO  AutomationLogger - Entered email: o.khaledomar98@gmail.com
2026-05-09 00:22:35 [main] INFO  AutomationLogger - Typed 'Adriano@123' into: By.id: pass
2026-05-09 00:22:35 [main] INFO  AutomationLogger - Entered password
2026-05-09 00:22:36 [main] WARN  AutomationLogger - Retrying test [tc01_validLoginWithValidCredentials] - Attempt: 1
2026-05-09 00:22:36 [main] WARN  AutomationLogger - ⏭️ TEST SKIPPED: tc01_validLoginWithValidCredentials
2026-05-09 00:22:36 [main] WARN  AutomationLogger - ⏭️ SKIPPED: tc01_validLoginWithValidCredentials
2026-05-09 00:22:37 [main] INFO  AutomationLogger - Browser closed after: tc01_validLoginWithValidCredentials
2026-05-09 00:22:40 [main] INFO  AutomationLogger - Browser launched: chrome | URL: https://ecommerce.tealiumdemo.com
2026-05-09 00:22:41 [main] INFO  AutomationLogger - Clicked: By.cssSelector: input#privacy_pref_optin
2026-05-09 00:22:41 [main] INFO  AutomationLogger - Consent modal detected — selected Opt-In
2026-05-09 00:22:41 [main] INFO  AutomationLogger - Clicked: By.cssSelector: div#consent_prompt_submit
2026-05-09 00:22:41 [main] INFO  AutomationLogger - Consent modal dismissed successfully
2026-05-09 00:22:41 [main] INFO  AutomationLogger - Clicked: By.cssSelector: a.skip-account
2026-05-09 00:22:41 [main] INFO  AutomationLogger - Opened account dropdown
2026-05-09 00:22:42 [main] INFO  AutomationLogger - Clicked: By.cssSelector: #header-account a[href*='account/login']
2026-05-09 00:22:42 [main] INFO  AutomationLogger - Clicked Log In from header
2026-05-09 00:22:43 [main] INFO  AutomationLogger - ▶️ TEST STARTED: tc01_validLoginWithValidCredentials
2026-05-09 00:22:43 [main] INFO  AutomationLogger - Test data loaded: [existingUser] from [testdata/users.json]
2026-05-09 00:22:43 [main] INFO  AutomationLogger - Typed 'o.khaledomar98@gmail.com' into: By.id: email
2026-05-09 00:22:43 [main] INFO  AutomationLogger - Entered email: o.khaledomar98@gmail.com
2026-05-09 00:22:44 [main] INFO  AutomationLogger - Typed 'Adriano@123' into: By.id: pass
2026-05-09 00:22:44 [main] INFO  AutomationLogger - Entered password
2026-05-09 00:22:45 [main] WARN  AutomationLogger - Retrying test [tc01_validLoginWithValidCredentials] - Attempt: 2
2026-05-09 00:22:45 [main] WARN  AutomationLogger - ⏭️ TEST SKIPPED: tc01_validLoginWithValidCredentials
2026-05-09 00:22:45 [main] WARN  AutomationLogger - ⏭️ SKIPPED: tc01_validLoginWithValidCredentials
2026-05-09 00:22:45 [main] INFO  AutomationLogger - Browser closed after: tc01_validLoginWithValidCredentials
2026-05-09 00:22:49 [main] INFO  AutomationLogger - Browser launched: chrome | URL: https://ecommerce.tealiumdemo.com
2026-05-09 00:22:49 [main] INFO  AutomationLogger - Clicked: By.cssSelector: input#privacy_pref_optin
2026-05-09 00:22:49 [main] INFO  AutomationLogger - Consent modal detected — selected Opt-In
2026-05-09 00:22:50 [main] INFO  AutomationLogger - Clicked: By.cssSelector: div#consent_prompt_submit
2026-05-09 00:22:50 [main] INFO  AutomationLogger - Consent modal dismissed successfully
2026-05-09 00:22:50 [main] INFO  AutomationLogger - Clicked: By.cssSelector: a.skip-account
2026-05-09 00:22:50 [main] INFO  AutomationLogger - Opened account dropdown
2026-05-09 00:22:51 [main] INFO  AutomationLogger - Clicked: By.cssSelector: #header-account a[href*='account/login']
2026-05-09 00:22:51 [main] INFO  AutomationLogger - Clicked Log In from header
2026-05-09 00:22:53 [main] INFO  AutomationLogger - ▶️ TEST STARTED: tc01_validLoginWithValidCredentials
2026-05-09 00:22:53 [main] INFO  AutomationLogger - Test data loaded: [existingUser] from [testdata/users.json]
2026-05-09 00:22:53 [main] INFO  AutomationLogger - Typed 'o.khaledomar98@gmail.com' into: By.id: email
2026-05-09 00:22:53 [main] INFO  AutomationLogger - Entered email: o.khaledomar98@gmail.com
2026-05-09 00:22:53 [main] INFO  AutomationLogger - Typed 'Adriano@123' into: By.id: pass
2026-05-09 00:22:53 [main] INFO  AutomationLogger - Entered password
2026-05-09 00:22:54 [main] ERROR AutomationLogger - ❌ TEST FAILED: tc01_validLoginWithValidCredentials
org.openqa.selenium.ElementClickInterceptedException: element click intercepted: Element <button type="submit" class="button" title="Login" name="send" id="send2">...</button> is not clickable at point (956, 589). Other element would receive the click: <p style="font-size: 12px; line-height: 16px; margin-bottom: 0px; text-align: left;">...</p>
  (Session info: chrome=147.0.7727.138)
Build info: version: '4.21.0', revision: '79ed462ef4'
System info: os.name: 'Windows 11', os.arch: 'amd64', os.version: '10.0', java.version: '17.0.8'
Driver info: org.openqa.selenium.chrome.ChromeDriver
Command: [5598b6a9065bfa310eedd8678cf7ddfb, clickElement {id=f.78D5A187119415098D16677BD77EB7E9.d.CC8BA5AF8231D734A415A802E1E7B4BC.e.106}]
Capabilities {acceptInsecureCerts: false, browserName: chrome, browserVersion: 147.0.7727.138, chrome: {chromedriverVersion: 147.0.7727.117 (474cc805edd..., userDataDir: C:\Users\OMARKH~1\AppData\L...}, fedcm:accounts: true, goog:chromeOptions: {debuggerAddress: localhost:51814}, goog:processID: 7528, networkConnectionEnabled: false, pageLoadStrategy: normal, platformName: windows, proxy: Proxy(), se:cdp: ws://localhost:51814/devtoo..., se:cdpVersion: 147.0.7727.138, setWindowRect: true, strictFileInteractability: false, timeouts: {implicit: 0, pageLoad: 300000, script: 30000}, unhandledPromptBehavior: dismiss and notify, webauthn:extension:credBlob: true, webauthn:extension:largeBlob: true, webauthn:extension:minPinLength: true, webauthn:extension:prf: true, webauthn:virtualAuthenticators: true}
Element: [[ChromeDriver: chrome on windows (5598b6a9065bfa310eedd8678cf7ddfb)] -> id: send2]
Session ID: 5598b6a9065bfa310eedd8678cf7ddfb
	at java.base/jdk.internal.reflect.NativeConstructorAccessorImpl.newInstance0(Native Method) ~[?:?]
	at java.base/jdk.internal.reflect.NativeConstructorAccessorImpl.newInstance(NativeConstructorAccessorImpl.java:77) ~[?:?]
	at java.base/jdk.internal.reflect.DelegatingConstructorAccessorImpl.newInstance(DelegatingConstructorAccessorImpl.java:45) ~[?:?]
	at java.base/java.lang.reflect.Constructor.newInstanceWithCaller(Constructor.java:499) ~[?:?]
	at java.base/java.lang.reflect.Constructor.newInstance(Constructor.java:480) ~[?:?]
	at org.openqa.selenium.remote.ErrorCodec.decode(ErrorCodec.java:167) ~[selenium-remote-driver-4.21.0.jar:?]
	at org.openqa.selenium.remote.codec.w3c.W3CHttpResponseCodec.decode(W3CHttpResponseCodec.java:138) ~[selenium-remote-driver-4.21.0.jar:?]
	at org.openqa.selenium.remote.codec.w3c.W3CHttpResponseCodec.decode(W3CHttpResponseCodec.java:50) ~[selenium-remote-driver-4.21.0.jar:?]
	at org.openqa.selenium.remote.HttpCommandExecutor.execute(HttpCommandExecutor.java:190) ~[selenium-remote-driver-4.21.0.jar:?]
	at org.openqa.selenium.remote.service.DriverCommandExecutor.invokeExecute(DriverCommandExecutor.java:216) ~[selenium-remote-driver-4.21.0.jar:?]
	at org.openqa.selenium.remote.service.DriverCommandExecutor.execute(DriverCommandExecutor.java:174) ~[selenium-remote-driver-4.21.0.jar:?]
	at org.openqa.selenium.remote.RemoteWebDriver.execute(RemoteWebDriver.java:518) ~[selenium-remote-driver-4.21.0.jar:?]
	at org.openqa.selenium.remote.RemoteWebElement.execute(RemoteWebElement.java:223) ~[selenium-remote-driver-4.21.0.jar:?]
	at org.openqa.selenium.remote.RemoteWebElement.click(RemoteWebElement.java:76) ~[selenium-remote-driver-4.21.0.jar:?]
	at com.axis.automation.core.BasePage.click(BasePage.java:65) ~[classes/:?]
	at com.axis.automation.pages.LoginPage.clickLogin(LoginPage.java:46) ~[classes/:?]
	at com.axis.automation.pages.LoginPage.login(LoginPage.java:59) ~[classes/:?]
	at com.axis.automation.tests.login.LoginTests.tc01_validLoginWithValidCredentials(LoginTests.java:50) ~[test-classes/:?]
	at java.base/jdk.internal.reflect.NativeMethodAccessorImpl.invoke0(Native Method) ~[?:?]
	at java.base/jdk.internal.reflect.NativeMethodAccessorImpl.invoke(NativeMethodAccessorImpl.java:77) ~[?:?]
	at java.base/jdk.internal.reflect.DelegatingMethodAccessorImpl.invoke(DelegatingMethodAccessorImpl.java:43) ~[?:?]
	at java.base/java.lang.reflect.Method.invoke(Method.java:568) ~[?:?]
	at org.testng.internal.invokers.MethodInvocationHelper.invokeMethod(MethodInvocationHelper.java:141) ~[testng-7.10.2.jar:7.10.2]
	at org.testng.internal.invokers.TestInvoker.invokeMethod(TestInvoker.java:686) ~[testng-7.10.2.jar:7.10.2]
	at org.testng.internal.invokers.TestInvoker.retryFailed(TestInvoker.java:269) ~[testng-7.10.2.jar:7.10.2]
	at org.testng.internal.invokers.MethodRunner.runInSequence(MethodRunner.java:76) ~[testng-7.10.2.jar:7.10.2]
	at org.testng.internal.invokers.TestInvoker$MethodInvocationAgent.invoke(TestInvoker.java:992) ~[testng-7.10.2.jar:7.10.2]
	at org.testng.internal.invokers.TestInvoker.invokeTestMethods(TestInvoker.java:203) ~[testng-7.10.2.jar:7.10.2]
	at org.testng.internal.invokers.TestMethodWorker.invokeTestMethods(TestMethodWorker.java:154) ~[testng-7.10.2.jar:7.10.2]
	at org.testng.internal.invokers.TestMethodWorker.run(TestMethodWorker.java:134) ~[testng-7.10.2.jar:7.10.2]
	at java.base/java.util.ArrayList.forEach(ArrayList.java:1511) [?:?]
	at org.testng.TestRunner.privateRun(TestRunner.java:739) [testng-7.10.2.jar:7.10.2]
	at org.testng.TestRunner.run(TestRunner.java:614) [testng-7.10.2.jar:7.10.2]
	at org.testng.SuiteRunner.runTest(SuiteRunner.java:421) [testng-7.10.2.jar:7.10.2]
	at org.testng.SuiteRunner.runSequentially(SuiteRunner.java:413) [testng-7.10.2.jar:7.10.2]
	at org.testng.SuiteRunner.privateRun(SuiteRunner.java:373) [testng-7.10.2.jar:7.10.2]
	at org.testng.SuiteRunner.run(SuiteRunner.java:312) [testng-7.10.2.jar:7.10.2]
	at org.testng.SuiteRunnerWorker.runSuite(SuiteRunnerWorker.java:52) [testng-7.10.2.jar:7.10.2]
	at org.testng.SuiteRunnerWorker.run(SuiteRunnerWorker.java:95) [testng-7.10.2.jar:7.10.2]
	at org.testng.TestNG.runSuitesSequentially(TestNG.java:1274) [testng-7.10.2.jar:7.10.2]
	at org.testng.TestNG.runSuitesLocally(TestNG.java:1208) [testng-7.10.2.jar:7.10.2]
	at org.testng.TestNG.runSuites(TestNG.java:1112) [testng-7.10.2.jar:7.10.2]
	at org.testng.TestNG.run(TestNG.java:1079) [testng-7.10.2.jar:7.10.2]
	at com.intellij.rt.testng.IDEARemoteTestNG.run(IDEARemoteTestNG.java:66) [testng-rt.jar:?]
	at com.intellij.rt.testng.RemoteTestNGStarter.main(RemoteTestNGStarter.java:105) [testng-rt.jar:?]
2026-05-09 00:22:54 [main] INFO  AutomationLogger - Screenshot captured: FAILED - tc01_validLoginWithValidCredentials
2026-05-09 00:22:54 [main] ERROR AutomationLogger - ❌ FAILED: tc01_validLoginWithValidCredentials
org.openqa.selenium.ElementClickInterceptedException: element click intercepted: Element <button type="submit" class="button" title="Login" name="send" id="send2">...</button> is not clickable at point (956, 589). Other element would receive the click: <p style="font-size: 12px; line-height: 16px; margin-bottom: 0px; text-align: left;">...</p>
  (Session info: chrome=147.0.7727.138)
Build info: version: '4.21.0', revision: '79ed462ef4'
System info: os.name: 'Windows 11', os.arch: 'amd64', os.version: '10.0', java.version: '17.0.8'
Driver info: org.openqa.selenium.chrome.ChromeDriver
Command: [5598b6a9065bfa310eedd8678cf7ddfb, clickElement {id=f.78D5A187119415098D16677BD77EB7E9.d.CC8BA5AF8231D734A415A802E1E7B4BC.e.106}]
Capabilities {acceptInsecureCerts: false, browserName: chrome, browserVersion: 147.0.7727.138, chrome: {chromedriverVersion: 147.0.7727.117 (474cc805edd..., userDataDir: C:\Users\OMARKH~1\AppData\L...}, fedcm:accounts: true, goog:chromeOptions: {debuggerAddress: localhost:51814}, goog:processID: 7528, networkConnectionEnabled: false, pageLoadStrategy: normal, platformName: windows, proxy: Proxy(), se:cdp: ws://localhost:51814/devtoo..., se:cdpVersion: 147.0.7727.138, setWindowRect: true, strictFileInteractability: false, timeouts: {implicit: 0, pageLoad: 300000, script: 30000}, unhandledPromptBehavior: dismiss and notify, webauthn:extension:credBlob: true, webauthn:extension:largeBlob: true, webauthn:extension:minPinLength: true, webauthn:extension:prf: true, webauthn:virtualAuthenticators: true}
Element: [[ChromeDriver: chrome on windows (5598b6a9065bfa310eedd8678cf7ddfb)] -> id: send2]
Session ID: 5598b6a9065bfa310eedd8678cf7ddfb
	at java.base/jdk.internal.reflect.NativeConstructorAccessorImpl.newInstance0(Native Method) ~[?:?]
	at java.base/jdk.internal.reflect.NativeConstructorAccessorImpl.newInstance(NativeConstructorAccessorImpl.java:77) ~[?:?]
	at java.base/jdk.internal.reflect.DelegatingConstructorAccessorImpl.newInstance(DelegatingConstructorAccessorImpl.java:45) ~[?:?]
	at java.base/java.lang.reflect.Constructor.newInstanceWithCaller(Constructor.java:499) ~[?:?]
	at java.base/java.lang.reflect.Constructor.newInstance(Constructor.java:480) ~[?:?]
	at org.openqa.selenium.remote.ErrorCodec.decode(ErrorCodec.java:167) ~[selenium-remote-driver-4.21.0.jar:?]
	at org.openqa.selenium.remote.codec.w3c.W3CHttpResponseCodec.decode(W3CHttpResponseCodec.java:138) ~[selenium-remote-driver-4.21.0.jar:?]
	at org.openqa.selenium.remote.codec.w3c.W3CHttpResponseCodec.decode(W3CHttpResponseCodec.java:50) ~[selenium-remote-driver-4.21.0.jar:?]
	at org.openqa.selenium.remote.HttpCommandExecutor.execute(HttpCommandExecutor.java:190) ~[selenium-remote-driver-4.21.0.jar:?]
	at org.openqa.selenium.remote.service.DriverCommandExecutor.invokeExecute(DriverCommandExecutor.java:216) ~[selenium-remote-driver-4.21.0.jar:?]
	at org.openqa.selenium.remote.service.DriverCommandExecutor.execute(DriverCommandExecutor.java:174) ~[selenium-remote-driver-4.21.0.jar:?]
	at org.openqa.selenium.remote.RemoteWebDriver.execute(RemoteWebDriver.java:518) ~[selenium-remote-driver-4.21.0.jar:?]
	at org.openqa.selenium.remote.RemoteWebElement.execute(RemoteWebElement.java:223) ~[selenium-remote-driver-4.21.0.jar:?]
	at org.openqa.selenium.remote.RemoteWebElement.click(RemoteWebElement.java:76) ~[selenium-remote-driver-4.21.0.jar:?]
	at com.axis.automation.core.BasePage.click(BasePage.java:65) ~[classes/:?]
	at com.axis.automation.pages.LoginPage.clickLogin(LoginPage.java:46) ~[classes/:?]
	at com.axis.automation.pages.LoginPage.login(LoginPage.java:59) ~[classes/:?]
	at com.axis.automation.tests.login.LoginTests.tc01_validLoginWithValidCredentials(LoginTests.java:50) ~[test-classes/:?]
	at java.base/jdk.internal.reflect.NativeMethodAccessorImpl.invoke0(Native Method) ~[?:?]
	at java.base/jdk.internal.reflect.NativeMethodAccessorImpl.invoke(NativeMethodAccessorImpl.java:77) ~[?:?]
	at java.base/jdk.internal.reflect.DelegatingMethodAccessorImpl.invoke(DelegatingMethodAccessorImpl.java:43) ~[?:?]
	at java.base/java.lang.reflect.Method.invoke(Method.java:568) ~[?:?]
	at org.testng.internal.invokers.MethodInvocationHelper.invokeMethod(MethodInvocationHelper.java:141) ~[testng-7.10.2.jar:7.10.2]
	at org.testng.internal.invokers.TestInvoker.invokeMethod(TestInvoker.java:686) ~[testng-7.10.2.jar:7.10.2]
	at org.testng.internal.invokers.TestInvoker.retryFailed(TestInvoker.java:269) ~[testng-7.10.2.jar:7.10.2]
	at org.testng.internal.invokers.MethodRunner.runInSequence(MethodRunner.java:76) ~[testng-7.10.2.jar:7.10.2]
	at org.testng.internal.invokers.TestInvoker$MethodInvocationAgent.invoke(TestInvoker.java:992) ~[testng-7.10.2.jar:7.10.2]
	at org.testng.internal.invokers.TestInvoker.invokeTestMethods(TestInvoker.java:203) ~[testng-7.10.2.jar:7.10.2]
	at org.testng.internal.invokers.TestMethodWorker.invokeTestMethods(TestMethodWorker.java:154) ~[testng-7.10.2.jar:7.10.2]
	at org.testng.internal.invokers.TestMethodWorker.run(TestMethodWorker.java:134) ~[testng-7.10.2.jar:7.10.2]
	at java.base/java.util.ArrayList.forEach(ArrayList.java:1511) [?:?]
	at org.testng.TestRunner.privateRun(TestRunner.java:739) [testng-7.10.2.jar:7.10.2]
	at org.testng.TestRunner.run(TestRunner.java:614) [testng-7.10.2.jar:7.10.2]
	at org.testng.SuiteRunner.runTest(SuiteRunner.java:421) [testng-7.10.2.jar:7.10.2]
	at org.testng.SuiteRunner.runSequentially(SuiteRunner.java:413) [testng-7.10.2.jar:7.10.2]
	at org.testng.SuiteRunner.privateRun(SuiteRunner.java:373) [testng-7.10.2.jar:7.10.2]
	at org.testng.SuiteRunner.run(SuiteRunner.java:312) [testng-7.10.2.jar:7.10.2]
	at org.testng.SuiteRunnerWorker.runSuite(SuiteRunnerWorker.java:52) [testng-7.10.2.jar:7.10.2]
	at org.testng.SuiteRunnerWorker.run(SuiteRunnerWorker.java:95) [testng-7.10.2.jar:7.10.2]
	at org.testng.TestNG.runSuitesSequentially(TestNG.java:1274) [testng-7.10.2.jar:7.10.2]
	at org.testng.TestNG.runSuitesLocally(TestNG.java:1208) [testng-7.10.2.jar:7.10.2]
	at org.testng.TestNG.runSuites(TestNG.java:1112) [testng-7.10.2.jar:7.10.2]
	at org.testng.TestNG.run(TestNG.java:1079) [testng-7.10.2.jar:7.10.2]
	at com.intellij.rt.testng.IDEARemoteTestNG.run(IDEARemoteTestNG.java:66) [testng-rt.jar:?]
	at com.intellij.rt.testng.RemoteTestNGStarter.main(RemoteTestNGStarter.java:105) [testng-rt.jar:?]
2026-05-09 00:22:55 [main] INFO  AutomationLogger - Browser closed after: tc01_validLoginWithValidCredentials
2026-05-09 00:22:58 [main] INFO  AutomationLogger - Browser launched: chrome | URL: https://ecommerce.tealiumdemo.com
2026-05-09 00:22:58 [main] INFO  AutomationLogger - Clicked: By.cssSelector: input#privacy_pref_optin
2026-05-09 00:22:58 [main] INFO  AutomationLogger - Consent modal detected — selected Opt-In
2026-05-09 00:22:58 [main] INFO  AutomationLogger - Clicked: By.cssSelector: div#consent_prompt_submit
2026-05-09 00:22:58 [main] INFO  AutomationLogger - Consent modal dismissed successfully
2026-05-09 00:22:59 [main] INFO  AutomationLogger - Clicked: By.cssSelector: a.skip-account
2026-05-09 00:22:59 [main] INFO  AutomationLogger - Opened account dropdown
2026-05-09 00:23:00 [main] INFO  AutomationLogger - Clicked: By.cssSelector: #header-account a[href*='account/login']
2026-05-09 00:23:00 [main] INFO  AutomationLogger - Clicked Log In from header
2026-05-09 00:23:01 [main] INFO  AutomationLogger - ▶️ TEST STARTED: tc02_invalidLoginWithWrongPassword
2026-05-09 00:23:01 [main] INFO  AutomationLogger - Test data loaded: [invalidLoginUser] from [testdata/users.json]
2026-05-09 00:23:01 [main] INFO  AutomationLogger - Typed 'o.khaledomar98@gmail.com' into: By.id: email
2026-05-09 00:23:01 [main] INFO  AutomationLogger - Entered email: o.khaledomar98@gmail.com
2026-05-09 00:23:01 [main] INFO  AutomationLogger - Typed 'WrongPassword999!' into: By.id: pass
2026-05-09 00:23:01 [main] INFO  AutomationLogger - Entered password
2026-05-09 00:23:02 [main] ERROR AutomationLogger - ❌ TEST FAILED: tc02_invalidLoginWithWrongPassword
org.openqa.selenium.ElementClickInterceptedException: element click intercepted: Element <button type="submit" class="button" title="Login" name="send" id="send2">...</button> is not clickable at point (956, 589). Other element would receive the click: <p style="font-size: 12px; line-height: 16px; margin-bottom: 0px; text-align: left;">...</p>
  (Session info: chrome=147.0.7727.138)
Build info: version: '4.21.0', revision: '79ed462ef4'
System info: os.name: 'Windows 11', os.arch: 'amd64', os.version: '10.0', java.version: '17.0.8'
Driver info: org.openqa.selenium.chrome.ChromeDriver
Command: [991f5067dd7c4b97443484f3656df696, clickElement {id=f.AAA636A36C07CB2A9FB67EC530DD7744.d.9CB79364583555C4F2BD82A60F8773E4.e.107}]
Capabilities {acceptInsecureCerts: false, browserName: chrome, browserVersion: 147.0.7727.138, chrome: {chromedriverVersion: 147.0.7727.117 (474cc805edd..., userDataDir: C:\Users\OMARKH~1\AppData\L...}, fedcm:accounts: true, goog:chromeOptions: {debuggerAddress: localhost:53807}, goog:processID: 12968, networkConnectionEnabled: false, pageLoadStrategy: normal, platformName: windows, proxy: Proxy(), se:cdp: ws://localhost:53807/devtoo..., se:cdpVersion: 147.0.7727.138, setWindowRect: true, strictFileInteractability: false, timeouts: {implicit: 0, pageLoad: 300000, script: 30000}, unhandledPromptBehavior: dismiss and notify, webauthn:extension:credBlob: true, webauthn:extension:largeBlob: true, webauthn:extension:minPinLength: true, webauthn:extension:prf: true, webauthn:virtualAuthenticators: true}
Element: [[ChromeDriver: chrome on windows (991f5067dd7c4b97443484f3656df696)] -> id: send2]
Session ID: 991f5067dd7c4b97443484f3656df696
	at java.base/jdk.internal.reflect.NativeConstructorAccessorImpl.newInstance0(Native Method) ~[?:?]
	at java.base/jdk.internal.reflect.NativeConstructorAccessorImpl.newInstance(NativeConstructorAccessorImpl.java:77) ~[?:?]
	at java.base/jdk.internal.reflect.DelegatingConstructorAccessorImpl.newInstance(DelegatingConstructorAccessorImpl.java:45) ~[?:?]
	at java.base/java.lang.reflect.Constructor.newInstanceWithCaller(Constructor.java:499) ~[?:?]
	at java.base/java.lang.reflect.Constructor.newInstance(Constructor.java:480) ~[?:?]
	at org.openqa.selenium.remote.ErrorCodec.decode(ErrorCodec.java:167) ~[selenium-remote-driver-4.21.0.jar:?]
	at org.openqa.selenium.remote.codec.w3c.W3CHttpResponseCodec.decode(W3CHttpResponseCodec.java:138) ~[selenium-remote-driver-4.21.0.jar:?]
	at org.openqa.selenium.remote.codec.w3c.W3CHttpResponseCodec.decode(W3CHttpResponseCodec.java:50) ~[selenium-remote-driver-4.21.0.jar:?]
	at org.openqa.selenium.remote.HttpCommandExecutor.execute(HttpCommandExecutor.java:190) ~[selenium-remote-driver-4.21.0.jar:?]
	at org.openqa.selenium.remote.service.DriverCommandExecutor.invokeExecute(DriverCommandExecutor.java:216) ~[selenium-remote-driver-4.21.0.jar:?]
	at org.openqa.selenium.remote.service.DriverCommandExecutor.execute(DriverCommandExecutor.java:174) ~[selenium-remote-driver-4.21.0.jar:?]
	at org.openqa.selenium.remote.RemoteWebDriver.execute(RemoteWebDriver.java:518) ~[selenium-remote-driver-4.21.0.jar:?]
	at org.openqa.selenium.remote.RemoteWebElement.execute(RemoteWebElement.java:223) ~[selenium-remote-driver-4.21.0.jar:?]
	at org.openqa.selenium.remote.RemoteWebElement.click(RemoteWebElement.java:76) ~[selenium-remote-driver-4.21.0.jar:?]
	at com.axis.automation.core.BasePage.click(BasePage.java:65) ~[classes/:?]
	at com.axis.automation.pages.LoginPage.clickLogin(LoginPage.java:46) ~[classes/:?]
	at com.axis.automation.tests.login.LoginTests.tc02_invalidLoginWithWrongPassword(LoginTests.java:79) ~[test-classes/:?]
	at java.base/jdk.internal.reflect.NativeMethodAccessorImpl.invoke0(Native Method) ~[?:?]
	at java.base/jdk.internal.reflect.NativeMethodAccessorImpl.invoke(NativeMethodAccessorImpl.java:77) ~[?:?]
	at java.base/jdk.internal.reflect.DelegatingMethodAccessorImpl.invoke(DelegatingMethodAccessorImpl.java:43) ~[?:?]
	at java.base/java.lang.reflect.Method.invoke(Method.java:568) ~[?:?]
	at org.testng.internal.invokers.MethodInvocationHelper.invokeMethod(MethodInvocationHelper.java:141) ~[testng-7.10.2.jar:7.10.2]
	at org.testng.internal.invokers.TestInvoker.invokeMethod(TestInvoker.java:686) ~[testng-7.10.2.jar:7.10.2]
	at org.testng.internal.invokers.TestInvoker.invokeTestMethod(TestInvoker.java:230) ~[testng-7.10.2.jar:7.10.2]
	at org.testng.internal.invokers.MethodRunner.runInSequence(MethodRunner.java:63) ~[testng-7.10.2.jar:7.10.2]
	at org.testng.internal.invokers.TestInvoker$MethodInvocationAgent.invoke(TestInvoker.java:992) ~[testng-7.10.2.jar:7.10.2]
	at org.testng.internal.invokers.TestInvoker.invokeTestMethods(TestInvoker.java:203) ~[testng-7.10.2.jar:7.10.2]
	at org.testng.internal.invokers.TestMethodWorker.invokeTestMethods(TestMethodWorker.java:154) ~[testng-7.10.2.jar:7.10.2]
	at org.testng.internal.invokers.TestMethodWorker.run(TestMethodWorker.java:134) ~[testng-7.10.2.jar:7.10.2]
	at java.base/java.util.ArrayList.forEach(ArrayList.java:1511) [?:?]
	at org.testng.TestRunner.privateRun(TestRunner.java:739) [testng-7.10.2.jar:7.10.2]
	at org.testng.TestRunner.run(TestRunner.java:614) [testng-7.10.2.jar:7.10.2]
	at org.testng.SuiteRunner.runTest(SuiteRunner.java:421) [testng-7.10.2.jar:7.10.2]
	at org.testng.SuiteRunner.runSequentially(SuiteRunner.java:413) [testng-7.10.2.jar:7.10.2]
	at org.testng.SuiteRunner.privateRun(SuiteRunner.java:373) [testng-7.10.2.jar:7.10.2]
	at org.testng.SuiteRunner.run(SuiteRunner.java:312) [testng-7.10.2.jar:7.10.2]
	at org.testng.SuiteRunnerWorker.runSuite(SuiteRunnerWorker.java:52) [testng-7.10.2.jar:7.10.2]
	at org.testng.SuiteRunnerWorker.run(SuiteRunnerWorker.java:95) [testng-7.10.2.jar:7.10.2]
	at org.testng.TestNG.runSuitesSequentially(TestNG.java:1274) [testng-7.10.2.jar:7.10.2]
	at org.testng.TestNG.runSuitesLocally(TestNG.java:1208) [testng-7.10.2.jar:7.10.2]
	at org.testng.TestNG.runSuites(TestNG.java:1112) [testng-7.10.2.jar:7.10.2]
	at org.testng.TestNG.run(TestNG.java:1079) [testng-7.10.2.jar:7.10.2]
	at com.intellij.rt.testng.IDEARemoteTestNG.run(IDEARemoteTestNG.java:66) [testng-rt.jar:?]
	at com.intellij.rt.testng.RemoteTestNGStarter.main(RemoteTestNGStarter.java:105) [testng-rt.jar:?]
2026-05-09 00:23:02 [main] INFO  AutomationLogger - Screenshot captured: FAILED - tc02_invalidLoginWithWrongPassword
2026-05-09 00:23:02 [main] ERROR AutomationLogger - ❌ FAILED: tc02_invalidLoginWithWrongPassword
org.openqa.selenium.ElementClickInterceptedException: element click intercepted: Element <button type="submit" class="button" title="Login" name="send" id="send2">...</button> is not clickable at point (956, 589). Other element would receive the click: <p style="font-size: 12px; line-height: 16px; margin-bottom: 0px; text-align: left;">...</p>
  (Session info: chrome=147.0.7727.138)
Build info: version: '4.21.0', revision: '79ed462ef4'
System info: os.name: 'Windows 11', os.arch: 'amd64', os.version: '10.0', java.version: '17.0.8'
Driver info: org.openqa.selenium.chrome.ChromeDriver
Command: [991f5067dd7c4b97443484f3656df696, clickElement {id=f.AAA636A36C07CB2A9FB67EC530DD7744.d.9CB79364583555C4F2BD82A60F8773E4.e.107}]
Capabilities {acceptInsecureCerts: false, browserName: chrome, browserVersion: 147.0.7727.138, chrome: {chromedriverVersion: 147.0.7727.117 (474cc805edd..., userDataDir: C:\Users\OMARKH~1\AppData\L...}, fedcm:accounts: true, goog:chromeOptions: {debuggerAddress: localhost:53807}, goog:processID: 12968, networkConnectionEnabled: false, pageLoadStrategy: normal, platformName: windows, proxy: Proxy(), se:cdp: ws://localhost:53807/devtoo..., se:cdpVersion: 147.0.7727.138, setWindowRect: true, strictFileInteractability: false, timeouts: {implicit: 0, pageLoad: 300000, script: 30000}, unhandledPromptBehavior: dismiss and notify, webauthn:extension:credBlob: true, webauthn:extension:largeBlob: true, webauthn:extension:minPinLength: true, webauthn:extension:prf: true, webauthn:virtualAuthenticators: true}
Element: [[ChromeDriver: chrome on windows (991f5067dd7c4b97443484f3656df696)] -> id: send2]
Session ID: 991f5067dd7c4b97443484f3656df696
	at java.base/jdk.internal.reflect.NativeConstructorAccessorImpl.newInstance0(Native Method) ~[?:?]
	at java.base/jdk.internal.reflect.NativeConstructorAccessorImpl.newInstance(NativeConstructorAccessorImpl.java:77) ~[?:?]
	at java.base/jdk.internal.reflect.DelegatingConstructorAccessorImpl.newInstance(DelegatingConstructorAccessorImpl.java:45) ~[?:?]
	at java.base/java.lang.reflect.Constructor.newInstanceWithCaller(Constructor.java:499) ~[?:?]
	at java.base/java.lang.reflect.Constructor.newInstance(Constructor.java:480) ~[?:?]
	at org.openqa.selenium.remote.ErrorCodec.decode(ErrorCodec.java:167) ~[selenium-remote-driver-4.21.0.jar:?]
	at org.openqa.selenium.remote.codec.w3c.W3CHttpResponseCodec.decode(W3CHttpResponseCodec.java:138) ~[selenium-remote-driver-4.21.0.jar:?]
	at org.openqa.selenium.remote.codec.w3c.W3CHttpResponseCodec.decode(W3CHttpResponseCodec.java:50) ~[selenium-remote-driver-4.21.0.jar:?]
	at org.openqa.selenium.remote.HttpCommandExecutor.execute(HttpCommandExecutor.java:190) ~[selenium-remote-driver-4.21.0.jar:?]
	at org.openqa.selenium.remote.service.DriverCommandExecutor.invokeExecute(DriverCommandExecutor.java:216) ~[selenium-remote-driver-4.21.0.jar:?]
	at org.openqa.selenium.remote.service.DriverCommandExecutor.execute(DriverCommandExecutor.java:174) ~[selenium-remote-driver-4.21.0.jar:?]
	at org.openqa.selenium.remote.RemoteWebDriver.execute(RemoteWebDriver.java:518) ~[selenium-remote-driver-4.21.0.jar:?]
	at org.openqa.selenium.remote.RemoteWebElement.execute(RemoteWebElement.java:223) ~[selenium-remote-driver-4.21.0.jar:?]
	at org.openqa.selenium.remote.RemoteWebElement.click(RemoteWebElement.java:76) ~[selenium-remote-driver-4.21.0.jar:?]
	at com.axis.automation.core.BasePage.click(BasePage.java:65) ~[classes/:?]
	at com.axis.automation.pages.LoginPage.clickLogin(LoginPage.java:46) ~[classes/:?]
	at com.axis.automation.tests.login.LoginTests.tc02_invalidLoginWithWrongPassword(LoginTests.java:79) ~[test-classes/:?]
	at java.base/jdk.internal.reflect.NativeMethodAccessorImpl.invoke0(Native Method) ~[?:?]
	at java.base/jdk.internal.reflect.NativeMethodAccessorImpl.invoke(NativeMethodAccessorImpl.java:77) ~[?:?]
	at java.base/jdk.internal.reflect.DelegatingMethodAccessorImpl.invoke(DelegatingMethodAccessorImpl.java:43) ~[?:?]
	at java.base/java.lang.reflect.Method.invoke(Method.java:568) ~[?:?]
	at org.testng.internal.invokers.MethodInvocationHelper.invokeMethod(MethodInvocationHelper.java:141) ~[testng-7.10.2.jar:7.10.2]
	at org.testng.internal.invokers.TestInvoker.invokeMethod(TestInvoker.java:686) ~[testng-7.10.2.jar:7.10.2]
	at org.testng.internal.invokers.TestInvoker.invokeTestMethod(TestInvoker.java:230) ~[testng-7.10.2.jar:7.10.2]
	at org.testng.internal.invokers.MethodRunner.runInSequence(MethodRunner.java:63) ~[testng-7.10.2.jar:7.10.2]
	at org.testng.internal.invokers.TestInvoker$MethodInvocationAgent.invoke(TestInvoker.java:992) ~[testng-7.10.2.jar:7.10.2]
	at org.testng.internal.invokers.TestInvoker.invokeTestMethods(TestInvoker.java:203) ~[testng-7.10.2.jar:7.10.2]
	at org.testng.internal.invokers.TestMethodWorker.invokeTestMethods(TestMethodWorker.java:154) ~[testng-7.10.2.jar:7.10.2]
	at org.testng.internal.invokers.TestMethodWorker.run(TestMethodWorker.java:134) ~[testng-7.10.2.jar:7.10.2]
	at java.base/java.util.ArrayList.forEach(ArrayList.java:1511) [?:?]
	at org.testng.TestRunner.privateRun(TestRunner.java:739) [testng-7.10.2.jar:7.10.2]
	at org.testng.TestRunner.run(TestRunner.java:614) [testng-7.10.2.jar:7.10.2]
	at org.testng.SuiteRunner.runTest(SuiteRunner.java:421) [testng-7.10.2.jar:7.10.2]
	at org.testng.SuiteRunner.runSequentially(SuiteRunner.java:413) [testng-7.10.2.jar:7.10.2]
	at org.testng.SuiteRunner.privateRun(SuiteRunner.java:373) [testng-7.10.2.jar:7.10.2]
	at org.testng.SuiteRunner.run(SuiteRunner.java:312) [testng-7.10.2.jar:7.10.2]
	at org.testng.SuiteRunnerWorker.runSuite(SuiteRunnerWorker.java:52) [testng-7.10.2.jar:7.10.2]
	at org.testng.SuiteRunnerWorker.run(SuiteRunnerWorker.java:95) [testng-7.10.2.jar:7.10.2]
	at org.testng.TestNG.runSuitesSequentially(TestNG.java:1274) [testng-7.10.2.jar:7.10.2]
	at org.testng.TestNG.runSuitesLocally(TestNG.java:1208) [testng-7.10.2.jar:7.10.2]
	at org.testng.TestNG.runSuites(TestNG.java:1112) [testng-7.10.2.jar:7.10.2]
	at org.testng.TestNG.run(TestNG.java:1079) [testng-7.10.2.jar:7.10.2]
	at com.intellij.rt.testng.IDEARemoteTestNG.run(IDEARemoteTestNG.java:66) [testng-rt.jar:?]
	at com.intellij.rt.testng.RemoteTestNGStarter.main(RemoteTestNGStarter.java:105) [testng-rt.jar:?]
2026-05-09 00:23:03 [main] INFO  AutomationLogger - Browser closed after: tc02_invalidLoginWithWrongPassword
2026-05-09 00:27:22 [main] INFO  AutomationLogger - Browser launched: chrome | URL: https://ecommerce.tealiumdemo.com
2026-05-09 00:27:23 [main] INFO  AutomationLogger - Clicked: By.cssSelector: input#privacy_pref_optin
2026-05-09 00:27:23 [main] INFO  AutomationLogger - Consent modal detected — selected Opt-In
2026-05-09 00:27:23 [main] INFO  AutomationLogger - Clicked: By.cssSelector: div#consent_prompt_submit
2026-05-09 00:27:23 [main] INFO  AutomationLogger - Consent modal dismissed successfully
2026-05-09 00:27:24 [main] INFO  AutomationLogger - Clicked: By.cssSelector: a.skip-account
2026-05-09 00:27:24 [main] INFO  AutomationLogger - Opened account dropdown
2026-05-09 00:27:25 [main] INFO  AutomationLogger - Clicked: By.cssSelector: #header-account a[href*='account/login']
2026-05-09 00:27:25 [main] INFO  AutomationLogger - Clicked Log In from header
2026-05-09 00:27:26 [main] INFO  AutomationLogger - ▶️ TEST STARTED: tc01_validLoginWithValidCredentials
2026-05-09 00:27:27 [main] INFO  AutomationLogger - Test data loaded: [existingUser] from [testdata/users.json]
2026-05-09 00:27:27 [main] INFO  AutomationLogger - Typed 'o.khaledomar98@gmail.com' into: By.id: email
2026-05-09 00:27:27 [main] INFO  AutomationLogger - Entered email: o.khaledomar98@gmail.com
2026-05-09 00:27:28 [main] INFO  AutomationLogger - Typed 'Adriano@123' into: By.id: pass
2026-05-09 00:27:28 [main] INFO  AutomationLogger - Entered password
2026-05-09 00:27:28 [main] INFO  AutomationLogger - Scrolled to: By.id: send2
2026-05-09 00:27:29 [main] INFO  AutomationLogger - JS Clicked: By.id: send2
2026-05-09 00:27:29 [main] INFO  AutomationLogger - Clicked Login button
2026-05-09 00:27:29 [main] INFO  AutomationLogger - Login submitted — transitioning to Account Dashboard
2026-05-09 00:27:29 [main] INFO  AutomationLogger - Account dashboard loaded successfully
2026-05-09 00:27:40 [main] WARN  AutomationLogger - Retrying test [tc01_validLoginWithValidCredentials] - Attempt: 1
2026-05-09 00:27:40 [main] WARN  AutomationLogger - ⏭️ TEST SKIPPED: tc01_validLoginWithValidCredentials
2026-05-09 00:27:40 [main] WARN  AutomationLogger - ⏭️ SKIPPED: tc01_validLoginWithValidCredentials
2026-05-09 00:27:40 [main] INFO  AutomationLogger - Browser closed after: tc01_validLoginWithValidCredentials
2026-05-09 00:27:44 [main] INFO  AutomationLogger - Browser launched: chrome | URL: https://ecommerce.tealiumdemo.com
2026-05-09 00:27:44 [main] INFO  AutomationLogger - Clicked: By.cssSelector: input#privacy_pref_optin
2026-05-09 00:27:44 [main] INFO  AutomationLogger - Consent modal detected — selected Opt-In
2026-05-09 00:27:44 [main] INFO  AutomationLogger - Clicked: By.cssSelector: div#consent_prompt_submit
2026-05-09 00:27:44 [main] INFO  AutomationLogger - Consent modal dismissed successfully
2026-05-09 00:27:44 [main] INFO  AutomationLogger - Clicked: By.cssSelector: a.skip-account
2026-05-09 00:27:44 [main] INFO  AutomationLogger - Opened account dropdown
2026-05-09 00:27:46 [main] INFO  AutomationLogger - Clicked: By.cssSelector: #header-account a[href*='account/login']
2026-05-09 00:27:46 [main] INFO  AutomationLogger - Clicked Log In from header
2026-05-09 00:27:47 [main] INFO  AutomationLogger - ▶️ TEST STARTED: tc01_validLoginWithValidCredentials
2026-05-09 00:27:47 [main] INFO  AutomationLogger - Test data loaded: [existingUser] from [testdata/users.json]
2026-05-09 00:27:47 [main] INFO  AutomationLogger - Typed 'o.khaledomar98@gmail.com' into: By.id: email
2026-05-09 00:27:47 [main] INFO  AutomationLogger - Entered email: o.khaledomar98@gmail.com
2026-05-09 00:27:47 [main] INFO  AutomationLogger - Typed 'Adriano@123' into: By.id: pass
2026-05-09 00:27:47 [main] INFO  AutomationLogger - Entered password
2026-05-09 00:27:47 [main] INFO  AutomationLogger - Scrolled to: By.id: send2
2026-05-09 00:27:49 [main] INFO  AutomationLogger - JS Clicked: By.id: send2
2026-05-09 00:27:49 [main] INFO  AutomationLogger - Clicked Login button
2026-05-09 00:27:49 [main] INFO  AutomationLogger - Login submitted — transitioning to Account Dashboard
2026-05-09 00:27:49 [main] INFO  AutomationLogger - Account dashboard loaded successfully
2026-05-09 00:27:59 [main] WARN  AutomationLogger - Retrying test [tc01_validLoginWithValidCredentials] - Attempt: 2
2026-05-09 00:27:59 [main] WARN  AutomationLogger - ⏭️ TEST SKIPPED: tc01_validLoginWithValidCredentials
2026-05-09 00:27:59 [main] WARN  AutomationLogger - ⏭️ SKIPPED: tc01_validLoginWithValidCredentials
2026-05-09 00:28:00 [main] INFO  AutomationLogger - Browser closed after: tc01_validLoginWithValidCredentials
2026-05-09 00:28:03 [main] INFO  AutomationLogger - Browser launched: chrome | URL: https://ecommerce.tealiumdemo.com
2026-05-09 00:28:04 [main] INFO  AutomationLogger - Clicked: By.cssSelector: input#privacy_pref_optin
2026-05-09 00:28:04 [main] INFO  AutomationLogger - Consent modal detected — selected Opt-In
2026-05-09 00:28:04 [main] INFO  AutomationLogger - Clicked: By.cssSelector: div#consent_prompt_submit
2026-05-09 00:28:04 [main] INFO  AutomationLogger - Consent modal dismissed successfully
2026-05-09 00:28:05 [main] INFO  AutomationLogger - Clicked: By.cssSelector: a.skip-account
2026-05-09 00:28:05 [main] INFO  AutomationLogger - Opened account dropdown
2026-05-09 00:28:05 [main] INFO  AutomationLogger - Clicked: By.cssSelector: #header-account a[href*='account/login']
2026-05-09 00:28:05 [main] INFO  AutomationLogger - Clicked Log In from header
2026-05-09 00:28:06 [main] INFO  AutomationLogger - ▶️ TEST STARTED: tc01_validLoginWithValidCredentials
2026-05-09 00:28:06 [main] INFO  AutomationLogger - Test data loaded: [existingUser] from [testdata/users.json]
2026-05-09 00:28:07 [main] INFO  AutomationLogger - Typed 'o.khaledomar98@gmail.com' into: By.id: email
2026-05-09 00:28:07 [main] INFO  AutomationLogger - Entered email: o.khaledomar98@gmail.com
2026-05-09 00:28:07 [main] INFO  AutomationLogger - Typed 'Adriano@123' into: By.id: pass
2026-05-09 00:28:07 [main] INFO  AutomationLogger - Entered password
2026-05-09 00:28:07 [main] INFO  AutomationLogger - Scrolled to: By.id: send2
2026-05-09 00:28:08 [main] INFO  AutomationLogger - JS Clicked: By.id: send2
2026-05-09 00:28:08 [main] INFO  AutomationLogger - Clicked Login button
2026-05-09 00:28:08 [main] INFO  AutomationLogger - Login submitted — transitioning to Account Dashboard
2026-05-09 00:28:08 [main] INFO  AutomationLogger - Account dashboard loaded successfully
2026-05-09 00:28:18 [main] ERROR AutomationLogger - ❌ TEST FAILED: tc01_validLoginWithValidCredentials
org.openqa.selenium.TimeoutException: Expected condition failed: waiting for visibility of element located by By.cssSelector: div.welcome-msg p.hello (tried for 10 second(s) with 500 milliseconds interval)
Build info: version: '4.21.0', revision: '79ed462ef4'
System info: os.name: 'Windows 11', os.arch: 'amd64', os.version: '10.0', java.version: '17.0.8'
Driver info: org.openqa.selenium.chrome.ChromeDriver
Capabilities {acceptInsecureCerts: false, browserName: chrome, browserVersion: 147.0.7727.138, chrome: {chromedriverVersion: 147.0.7727.117 (474cc805edd..., userDataDir: C:\Users\OMARKH~1\AppData\L...}, fedcm:accounts: true, goog:chromeOptions: {debuggerAddress: localhost:62818}, goog:processID: 10308, networkConnectionEnabled: false, pageLoadStrategy: normal, platformName: windows, proxy: Proxy(), se:cdp: ws://localhost:62818/devtoo..., se:cdpVersion: 147.0.7727.138, setWindowRect: true, strictFileInteractability: false, timeouts: {implicit: 0, pageLoad: 300000, script: 30000}, unhandledPromptBehavior: dismiss and notify, webauthn:extension:credBlob: true, webauthn:extension:largeBlob: true, webauthn:extension:minPinLength: true, webauthn:extension:prf: true, webauthn:virtualAuthenticators: true}
Session ID: 1022e0b4413f1b5daed5f151855263ac
	at org.openqa.selenium.support.ui.WebDriverWait.timeoutException(WebDriverWait.java:84) ~[selenium-support-4.21.0.jar:?]
	at org.openqa.selenium.support.ui.FluentWait.until(FluentWait.java:228) ~[selenium-support-4.21.0.jar:?]
	at com.axis.automation.utils.WaitUtils.waitForVisibility(WaitUtils.java:55) ~[classes/:?]
	at com.axis.automation.utils.WaitUtils.waitForVisibility(WaitUtils.java:47) ~[classes/:?]
	at com.axis.automation.pages.AccountDashboardPage.getWelcomeMessage(AccountDashboardPage.java:52) ~[classes/:?]
	at com.axis.automation.tests.login.LoginTests.tc01_validLoginWithValidCredentials(LoginTests.java:56) ~[test-classes/:?]
	at java.base/jdk.internal.reflect.NativeMethodAccessorImpl.invoke0(Native Method) ~[?:?]
	at java.base/jdk.internal.reflect.NativeMethodAccessorImpl.invoke(NativeMethodAccessorImpl.java:77) ~[?:?]
	at java.base/jdk.internal.reflect.DelegatingMethodAccessorImpl.invoke(DelegatingMethodAccessorImpl.java:43) ~[?:?]
	at java.base/java.lang.reflect.Method.invoke(Method.java:568) ~[?:?]
	at org.testng.internal.invokers.MethodInvocationHelper.invokeMethod(MethodInvocationHelper.java:141) ~[testng-7.10.2.jar:7.10.2]
	at org.testng.internal.invokers.TestInvoker.invokeMethod(TestInvoker.java:686) ~[testng-7.10.2.jar:7.10.2]
	at org.testng.internal.invokers.TestInvoker.retryFailed(TestInvoker.java:269) ~[testng-7.10.2.jar:7.10.2]
	at org.testng.internal.invokers.MethodRunner.runInSequence(MethodRunner.java:76) ~[testng-7.10.2.jar:7.10.2]
	at org.testng.internal.invokers.TestInvoker$MethodInvocationAgent.invoke(TestInvoker.java:992) ~[testng-7.10.2.jar:7.10.2]
	at org.testng.internal.invokers.TestInvoker.invokeTestMethods(TestInvoker.java:203) ~[testng-7.10.2.jar:7.10.2]
	at org.testng.internal.invokers.TestMethodWorker.invokeTestMethods(TestMethodWorker.java:154) ~[testng-7.10.2.jar:7.10.2]
	at org.testng.internal.invokers.TestMethodWorker.run(TestMethodWorker.java:134) ~[testng-7.10.2.jar:7.10.2]
	at java.base/java.util.ArrayList.forEach(ArrayList.java:1511) [?:?]
	at org.testng.TestRunner.privateRun(TestRunner.java:739) [testng-7.10.2.jar:7.10.2]
	at org.testng.TestRunner.run(TestRunner.java:614) [testng-7.10.2.jar:7.10.2]
	at org.testng.SuiteRunner.runTest(SuiteRunner.java:421) [testng-7.10.2.jar:7.10.2]
	at org.testng.SuiteRunner.runSequentially(SuiteRunner.java:413) [testng-7.10.2.jar:7.10.2]
	at org.testng.SuiteRunner.privateRun(SuiteRunner.java:373) [testng-7.10.2.jar:7.10.2]
	at org.testng.SuiteRunner.run(SuiteRunner.java:312) [testng-7.10.2.jar:7.10.2]
	at org.testng.SuiteRunnerWorker.runSuite(SuiteRunnerWorker.java:52) [testng-7.10.2.jar:7.10.2]
	at org.testng.SuiteRunnerWorker.run(SuiteRunnerWorker.java:95) [testng-7.10.2.jar:7.10.2]
	at org.testng.TestNG.runSuitesSequentially(TestNG.java:1274) [testng-7.10.2.jar:7.10.2]
	at org.testng.TestNG.runSuitesLocally(TestNG.java:1208) [testng-7.10.2.jar:7.10.2]
	at org.testng.TestNG.runSuites(TestNG.java:1112) [testng-7.10.2.jar:7.10.2]
	at org.testng.TestNG.run(TestNG.java:1079) [testng-7.10.2.jar:7.10.2]
	at com.intellij.rt.testng.IDEARemoteTestNG.run(IDEARemoteTestNG.java:66) [testng-rt.jar:?]
	at com.intellij.rt.testng.RemoteTestNGStarter.main(RemoteTestNGStarter.java:105) [testng-rt.jar:?]
2026-05-09 00:28:19 [main] INFO  AutomationLogger - Screenshot captured: FAILED - tc01_validLoginWithValidCredentials
2026-05-09 00:28:19 [main] ERROR AutomationLogger - ❌ FAILED: tc01_validLoginWithValidCredentials
org.openqa.selenium.TimeoutException: Expected condition failed: waiting for visibility of element located by By.cssSelector: div.welcome-msg p.hello (tried for 10 second(s) with 500 milliseconds interval)
Build info: version: '4.21.0', revision: '79ed462ef4'
System info: os.name: 'Windows 11', os.arch: 'amd64', os.version: '10.0', java.version: '17.0.8'
Driver info: org.openqa.selenium.chrome.ChromeDriver
Capabilities {acceptInsecureCerts: false, browserName: chrome, browserVersion: 147.0.7727.138, chrome: {chromedriverVersion: 147.0.7727.117 (474cc805edd..., userDataDir: C:\Users\OMARKH~1\AppData\L...}, fedcm:accounts: true, goog:chromeOptions: {debuggerAddress: localhost:62818}, goog:processID: 10308, networkConnectionEnabled: false, pageLoadStrategy: normal, platformName: windows, proxy: Proxy(), se:cdp: ws://localhost:62818/devtoo..., se:cdpVersion: 147.0.7727.138, setWindowRect: true, strictFileInteractability: false, timeouts: {implicit: 0, pageLoad: 300000, script: 30000}, unhandledPromptBehavior: dismiss and notify, webauthn:extension:credBlob: true, webauthn:extension:largeBlob: true, webauthn:extension:minPinLength: true, webauthn:extension:prf: true, webauthn:virtualAuthenticators: true}
Session ID: 1022e0b4413f1b5daed5f151855263ac
	at org.openqa.selenium.support.ui.WebDriverWait.timeoutException(WebDriverWait.java:84) ~[selenium-support-4.21.0.jar:?]
	at org.openqa.selenium.support.ui.FluentWait.until(FluentWait.java:228) ~[selenium-support-4.21.0.jar:?]
	at com.axis.automation.utils.WaitUtils.waitForVisibility(WaitUtils.java:55) ~[classes/:?]
	at com.axis.automation.utils.WaitUtils.waitForVisibility(WaitUtils.java:47) ~[classes/:?]
	at com.axis.automation.pages.AccountDashboardPage.getWelcomeMessage(AccountDashboardPage.java:52) ~[classes/:?]
	at com.axis.automation.tests.login.LoginTests.tc01_validLoginWithValidCredentials(LoginTests.java:56) ~[test-classes/:?]
	at java.base/jdk.internal.reflect.NativeMethodAccessorImpl.invoke0(Native Method) ~[?:?]
	at java.base/jdk.internal.reflect.NativeMethodAccessorImpl.invoke(NativeMethodAccessorImpl.java:77) ~[?:?]
	at java.base/jdk.internal.reflect.DelegatingMethodAccessorImpl.invoke(DelegatingMethodAccessorImpl.java:43) ~[?:?]
	at java.base/java.lang.reflect.Method.invoke(Method.java:568) ~[?:?]
	at org.testng.internal.invokers.MethodInvocationHelper.invokeMethod(MethodInvocationHelper.java:141) ~[testng-7.10.2.jar:7.10.2]
	at org.testng.internal.invokers.TestInvoker.invokeMethod(TestInvoker.java:686) ~[testng-7.10.2.jar:7.10.2]
	at org.testng.internal.invokers.TestInvoker.retryFailed(TestInvoker.java:269) ~[testng-7.10.2.jar:7.10.2]
	at org.testng.internal.invokers.MethodRunner.runInSequence(MethodRunner.java:76) ~[testng-7.10.2.jar:7.10.2]
	at org.testng.internal.invokers.TestInvoker$MethodInvocationAgent.invoke(TestInvoker.java:992) ~[testng-7.10.2.jar:7.10.2]
	at org.testng.internal.invokers.TestInvoker.invokeTestMethods(TestInvoker.java:203) ~[testng-7.10.2.jar:7.10.2]
	at org.testng.internal.invokers.TestMethodWorker.invokeTestMethods(TestMethodWorker.java:154) ~[testng-7.10.2.jar:7.10.2]
	at org.testng.internal.invokers.TestMethodWorker.run(TestMethodWorker.java:134) ~[testng-7.10.2.jar:7.10.2]
	at java.base/java.util.ArrayList.forEach(ArrayList.java:1511) [?:?]
	at org.testng.TestRunner.privateRun(TestRunner.java:739) [testng-7.10.2.jar:7.10.2]
	at org.testng.TestRunner.run(TestRunner.java:614) [testng-7.10.2.jar:7.10.2]
	at org.testng.SuiteRunner.runTest(SuiteRunner.java:421) [testng-7.10.2.jar:7.10.2]
	at org.testng.SuiteRunner.runSequentially(SuiteRunner.java:413) [testng-7.10.2.jar:7.10.2]
	at org.testng.SuiteRunner.privateRun(SuiteRunner.java:373) [testng-7.10.2.jar:7.10.2]
	at org.testng.SuiteRunner.run(SuiteRunner.java:312) [testng-7.10.2.jar:7.10.2]
	at org.testng.SuiteRunnerWorker.runSuite(SuiteRunnerWorker.java:52) [testng-7.10.2.jar:7.10.2]
	at org.testng.SuiteRunnerWorker.run(SuiteRunnerWorker.java:95) [testng-7.10.2.jar:7.10.2]
	at org.testng.TestNG.runSuitesSequentially(TestNG.java:1274) [testng-7.10.2.jar:7.10.2]
	at org.testng.TestNG.runSuitesLocally(TestNG.java:1208) [testng-7.10.2.jar:7.10.2]
	at org.testng.TestNG.runSuites(TestNG.java:1112) [testng-7.10.2.jar:7.10.2]
	at org.testng.TestNG.run(TestNG.java:1079) [testng-7.10.2.jar:7.10.2]
	at com.intellij.rt.testng.IDEARemoteTestNG.run(IDEARemoteTestNG.java:66) [testng-rt.jar:?]
	at com.intellij.rt.testng.RemoteTestNGStarter.main(RemoteTestNGStarter.java:105) [testng-rt.jar:?]
2026-05-09 00:28:19 [main] INFO  AutomationLogger - Browser closed after: tc01_validLoginWithValidCredentials
2026-05-09 00:28:23 [main] INFO  AutomationLogger - Browser launched: chrome | URL: https://ecommerce.tealiumdemo.com
2026-05-09 00:28:23 [main] INFO  AutomationLogger - Clicked: By.cssSelector: input#privacy_pref_optin
2026-05-09 00:28:23 [main] INFO  AutomationLogger - Consent modal detected — selected Opt-In
2026-05-09 00:28:23 [main] INFO  AutomationLogger - Clicked: By.cssSelector: div#consent_prompt_submit
2026-05-09 00:28:23 [main] INFO  AutomationLogger - Consent modal dismissed successfully
2026-05-09 00:28:23 [main] INFO  AutomationLogger - Clicked: By.cssSelector: a.skip-account
2026-05-09 00:28:23 [main] INFO  AutomationLogger - Opened account dropdown
2026-05-09 00:28:24 [main] INFO  AutomationLogger - Clicked: By.cssSelector: #header-account a[href*='account/login']
2026-05-09 00:28:24 [main] INFO  AutomationLogger - Clicked Log In from header
2026-05-09 00:28:26 [main] INFO  AutomationLogger - ▶️ TEST STARTED: tc02_invalidLoginWithWrongPassword
2026-05-09 00:28:26 [main] INFO  AutomationLogger - Test data loaded: [invalidLoginUser] from [testdata/users.json]
2026-05-09 00:28:26 [main] INFO  AutomationLogger - Typed 'o.khaledomar98@gmail.com' into: By.id: email
2026-05-09 00:28:26 [main] INFO  AutomationLogger - Entered email: o.khaledomar98@gmail.com
2026-05-09 00:28:26 [main] INFO  AutomationLogger - Typed 'WrongPassword999!' into: By.id: pass
2026-05-09 00:28:26 [main] INFO  AutomationLogger - Entered password
2026-05-09 00:28:26 [main] INFO  AutomationLogger - Scrolled to: By.id: send2
2026-05-09 00:28:27 [main] INFO  AutomationLogger - JS Clicked: By.id: send2
2026-05-09 00:28:27 [main] INFO  AutomationLogger - Clicked Login button
2026-05-09 00:28:27 [main] INFO  AutomationLogger - ✅ TEST PASSED: tc02_invalidLoginWithWrongPassword
2026-05-09 00:28:27 [main] INFO  AutomationLogger - ✅ PASSED: tc02_invalidLoginWithWrongPassword
2026-05-09 00:28:28 [main] INFO  AutomationLogger - Browser closed after: tc02_invalidLoginWithWrongPassword
2026-05-09 00:29:50 [main] INFO  AutomationLogger - Browser launched: chrome | URL: https://ecommerce.tealiumdemo.com
2026-05-09 00:29:51 [main] INFO  AutomationLogger - Clicked: By.cssSelector: input#privacy_pref_optin
2026-05-09 00:29:51 [main] INFO  AutomationLogger - Consent modal detected — selected Opt-In
2026-05-09 00:29:51 [main] INFO  AutomationLogger - Clicked: By.cssSelector: div#consent_prompt_submit
2026-05-09 00:29:51 [main] INFO  AutomationLogger - Consent modal dismissed successfully
2026-05-09 00:29:52 [main] INFO  AutomationLogger - Clicked: By.cssSelector: a.skip-account
2026-05-09 00:29:52 [main] INFO  AutomationLogger - Opened account dropdown
2026-05-09 00:29:53 [main] INFO  AutomationLogger - Clicked: By.cssSelector: #header-account a[href*='account/login']
2026-05-09 00:29:53 [main] INFO  AutomationLogger - Clicked Log In from header
2026-05-09 00:29:54 [main] INFO  AutomationLogger - ▶️ TEST STARTED: tc01_validLoginWithValidCredentials
2026-05-09 00:29:55 [main] INFO  AutomationLogger - Test data loaded: [existingUser] from [testdata/users.json]
2026-05-09 00:29:55 [main] INFO  AutomationLogger - Typed 'o.khaledomar98@gmail.com' into: By.id: email
2026-05-09 00:29:55 [main] INFO  AutomationLogger - Entered email: o.khaledomar98@gmail.com
2026-05-09 00:29:55 [main] INFO  AutomationLogger - Typed '1234567' into: By.id: pass
2026-05-09 00:29:55 [main] INFO  AutomationLogger - Entered password
2026-05-09 00:29:55 [main] INFO  AutomationLogger - Scrolled to: By.id: send2
2026-05-09 00:29:57 [main] INFO  AutomationLogger - JS Clicked: By.id: send2
2026-05-09 00:29:57 [main] INFO  AutomationLogger - Clicked Login button
2026-05-09 00:29:57 [main] INFO  AutomationLogger - Login submitted — transitioning to Account Dashboard
2026-05-09 00:29:57 [main] INFO  AutomationLogger - Account dashboard loaded successfully
2026-05-09 00:29:57 [main] INFO  AutomationLogger - ✅ TEST PASSED: tc01_validLoginWithValidCredentials
2026-05-09 00:29:57 [main] INFO  AutomationLogger - ✅ PASSED: tc01_validLoginWithValidCredentials
2026-05-09 00:29:58 [main] INFO  AutomationLogger - Browser closed after: tc01_validLoginWithValidCredentials
2026-05-09 00:35:25 [main] INFO  AutomationLogger - Browser launched: chrome | URL: https://ecommerce.tealiumdemo.com
2026-05-09 00:35:26 [main] INFO  AutomationLogger - Clicked: By.cssSelector: input#privacy_pref_optin
2026-05-09 00:35:26 [main] INFO  AutomationLogger - Consent modal detected — selected Opt-In
2026-05-09 00:35:26 [main] INFO  AutomationLogger - Clicked: By.cssSelector: div#consent_prompt_submit
2026-05-09 00:35:26 [main] INFO  AutomationLogger - Consent modal dismissed successfully
2026-05-09 00:35:27 [main] INFO  AutomationLogger - ▶️ TEST STARTED: tc01_addDorianShoesToCart
2026-05-09 00:35:28 [main] INFO  AutomationLogger - Test data loaded: [existingUser] from [testdata/users.json]
2026-05-09 00:35:28 [main] INFO  AutomationLogger - Clicked: By.cssSelector: a.skip-account
2026-05-09 00:35:28 [main] INFO  AutomationLogger - Opened account dropdown
2026-05-09 00:35:29 [main] INFO  AutomationLogger - Clicked: By.cssSelector: #header-account a[href*='account/login']
2026-05-09 00:35:29 [main] INFO  AutomationLogger - Clicked Log In from header
2026-05-09 00:35:31 [main] INFO  AutomationLogger - Typed 'o.khaledomar98@gmail.com' into: By.id: email
2026-05-09 00:35:31 [main] INFO  AutomationLogger - Entered email: o.khaledomar98@gmail.com
2026-05-09 00:35:31 [main] INFO  AutomationLogger - Typed '1234567' into: By.id: pass
2026-05-09 00:35:31 [main] INFO  AutomationLogger - Entered password
2026-05-09 00:35:31 [main] INFO  AutomationLogger - Scrolled to: By.id: send2
2026-05-09 00:35:32 [main] INFO  AutomationLogger - JS Clicked: By.id: send2
2026-05-09 00:35:32 [main] INFO  AutomationLogger - Clicked Login button
2026-05-09 00:35:32 [main] INFO  AutomationLogger - Login submitted — transitioning to Account Dashboard
2026-05-09 00:35:32 [main] INFO  AutomationLogger - Account dashboard loaded successfully
2026-05-09 00:35:33 [main] INFO  AutomationLogger - Hovered over: By.cssSelector: li.nav-3 > a
2026-05-09 00:35:33 [main] INFO  AutomationLogger - Hovered over Accessories menu
2026-05-09 00:35:33 [main] INFO  AutomationLogger - Clicked: By.cssSelector: a[href*='accessories/shoes']
2026-05-09 00:35:33 [main] INFO  AutomationLogger - Clicked Shoes from Accessories submenu
2026-05-09 00:35:36 [main] INFO  AutomationLogger - Selected 'Price' from: By.cssSelector: div.sort-by select
2026-05-09 00:35:36 [main] INFO  AutomationLogger - Sorted by Price low to high
2026-05-09 00:35:37 [main] INFO  AutomationLogger - Product prices found: [210.0, 310.0, 375.0, 390.0, 410.0, 470.0]
2026-05-09 00:35:37 [main] INFO  AutomationLogger - Found product: DORIAN PERFORATED OXFORD — clicking
2026-05-09 00:35:38 [main] WARN  AutomationLogger - Retrying test [tc01_addDorianShoesToCart] - Attempt: 1
2026-05-09 00:35:38 [main] WARN  AutomationLogger - ⏭️ TEST SKIPPED: tc01_addDorianShoesToCart
2026-05-09 00:35:38 [main] WARN  AutomationLogger - ⏭️ SKIPPED: tc01_addDorianShoesToCart
2026-05-09 00:35:38 [main] INFO  AutomationLogger - Browser closed after: tc01_addDorianShoesToCart
2026-05-09 00:35:42 [main] INFO  AutomationLogger - Browser launched: chrome | URL: https://ecommerce.tealiumdemo.com
2026-05-09 00:35:42 [main] INFO  AutomationLogger - Clicked: By.cssSelector: input#privacy_pref_optin
2026-05-09 00:35:42 [main] INFO  AutomationLogger - Consent modal detected — selected Opt-In
2026-05-09 00:35:42 [main] INFO  AutomationLogger - Clicked: By.cssSelector: div#consent_prompt_submit
2026-05-09 00:35:42 [main] INFO  AutomationLogger - Consent modal dismissed successfully
2026-05-09 00:35:42 [main] INFO  AutomationLogger - ▶️ TEST STARTED: tc01_addDorianShoesToCart
2026-05-09 00:35:42 [main] INFO  AutomationLogger - Test data loaded: [existingUser] from [testdata/users.json]
2026-05-09 00:35:42 [main] INFO  AutomationLogger - Clicked: By.cssSelector: a.skip-account
2026-05-09 00:35:42 [main] INFO  AutomationLogger - Opened account dropdown
2026-05-09 00:35:43 [main] INFO  AutomationLogger - Clicked: By.cssSelector: #header-account a[href*='account/login']
2026-05-09 00:35:43 [main] INFO  AutomationLogger - Clicked Log In from header
2026-05-09 00:35:45 [main] INFO  AutomationLogger - Typed 'o.khaledomar98@gmail.com' into: By.id: email
2026-05-09 00:35:45 [main] INFO  AutomationLogger - Entered email: o.khaledomar98@gmail.com
2026-05-09 00:35:45 [main] INFO  AutomationLogger - Typed '1234567' into: By.id: pass
2026-05-09 00:35:45 [main] INFO  AutomationLogger - Entered password
2026-05-09 00:35:45 [main] INFO  AutomationLogger - Scrolled to: By.id: send2
2026-05-09 00:35:47 [main] INFO  AutomationLogger - JS Clicked: By.id: send2
2026-05-09 00:35:47 [main] INFO  AutomationLogger - Clicked Login button
2026-05-09 00:35:47 [main] INFO  AutomationLogger - Login submitted — transitioning to Account Dashboard
2026-05-09 00:35:47 [main] INFO  AutomationLogger - Account dashboard loaded successfully
2026-05-09 00:35:47 [main] INFO  AutomationLogger - Hovered over: By.cssSelector: li.nav-3 > a
2026-05-09 00:35:47 [main] INFO  AutomationLogger - Hovered over Accessories menu
2026-05-09 00:35:48 [main] INFO  AutomationLogger - Clicked: By.cssSelector: a[href*='accessories/shoes']
2026-05-09 00:35:48 [main] INFO  AutomationLogger - Clicked Shoes from Accessories submenu
2026-05-09 00:35:50 [main] INFO  AutomationLogger - Selected 'Price' from: By.cssSelector: div.sort-by select
2026-05-09 00:35:50 [main] INFO  AutomationLogger - Sorted by Price low to high
2026-05-09 00:35:51 [main] INFO  AutomationLogger - Product prices found: [210.0, 310.0, 375.0, 390.0, 410.0, 470.0]
2026-05-09 00:35:51 [main] INFO  AutomationLogger - Found product: DORIAN PERFORATED OXFORD — clicking
2026-05-09 00:35:52 [main] WARN  AutomationLogger - Retrying test [tc01_addDorianShoesToCart] - Attempt: 2
2026-05-09 00:35:52 [main] WARN  AutomationLogger - ⏭️ TEST SKIPPED: tc01_addDorianShoesToCart
2026-05-09 00:35:52 [main] WARN  AutomationLogger - ⏭️ SKIPPED: tc01_addDorianShoesToCart
2026-05-09 00:35:52 [main] INFO  AutomationLogger - Browser closed after: tc01_addDorianShoesToCart
2026-05-09 00:35:56 [main] INFO  AutomationLogger - Browser launched: chrome | URL: https://ecommerce.tealiumdemo.com
2026-05-09 00:35:56 [main] INFO  AutomationLogger - Clicked: By.cssSelector: input#privacy_pref_optin
2026-05-09 00:35:56 [main] INFO  AutomationLogger - Consent modal detected — selected Opt-In
2026-05-09 00:35:56 [main] INFO  AutomationLogger - Clicked: By.cssSelector: div#consent_prompt_submit
2026-05-09 00:35:56 [main] INFO  AutomationLogger - Consent modal dismissed successfully
2026-05-09 00:35:56 [main] INFO  AutomationLogger - ▶️ TEST STARTED: tc01_addDorianShoesToCart
2026-05-09 00:35:56 [main] INFO  AutomationLogger - Test data loaded: [existingUser] from [testdata/users.json]
2026-05-09 00:35:56 [main] INFO  AutomationLogger - Clicked: By.cssSelector: a.skip-account
2026-05-09 00:35:56 [main] INFO  AutomationLogger - Opened account dropdown
2026-05-09 00:35:57 [main] INFO  AutomationLogger - Clicked: By.cssSelector: #header-account a[href*='account/login']
2026-05-09 00:35:57 [main] INFO  AutomationLogger - Clicked Log In from header
2026-05-09 00:35:58 [main] INFO  AutomationLogger - Typed 'o.khaledomar98@gmail.com' into: By.id: email
2026-05-09 00:35:58 [main] INFO  AutomationLogger - Entered email: o.khaledomar98@gmail.com
2026-05-09 00:35:59 [main] INFO  AutomationLogger - Typed '1234567' into: By.id: pass
2026-05-09 00:35:59 [main] INFO  AutomationLogger - Entered password
2026-05-09 00:35:59 [main] INFO  AutomationLogger - Scrolled to: By.id: send2
2026-05-09 00:36:00 [main] INFO  AutomationLogger - JS Clicked: By.id: send2
2026-05-09 00:36:00 [main] INFO  AutomationLogger - Clicked Login button
2026-05-09 00:36:00 [main] INFO  AutomationLogger - Login submitted — transitioning to Account Dashboard
2026-05-09 00:36:00 [main] INFO  AutomationLogger - Account dashboard loaded successfully
2026-05-09 00:36:00 [main] INFO  AutomationLogger - Hovered over: By.cssSelector: li.nav-3 > a
2026-05-09 00:36:00 [main] INFO  AutomationLogger - Hovered over Accessories menu
2026-05-09 00:36:01 [main] INFO  AutomationLogger - Clicked: By.cssSelector: a[href*='accessories/shoes']
2026-05-09 00:36:01 [main] INFO  AutomationLogger - Clicked Shoes from Accessories submenu
2026-05-09 00:36:03 [main] INFO  AutomationLogger - Selected 'Price' from: By.cssSelector: div.sort-by select
2026-05-09 00:36:03 [main] INFO  AutomationLogger - Sorted by Price low to high
2026-05-09 00:36:04 [main] INFO  AutomationLogger - Product prices found: [210.0, 310.0, 375.0, 390.0, 410.0, 470.0]
2026-05-09 00:36:04 [main] INFO  AutomationLogger - Found product: DORIAN PERFORATED OXFORD — clicking
2026-05-09 00:36:05 [main] ERROR AutomationLogger - ❌ TEST FAILED: tc01_addDorianShoesToCart
org.openqa.selenium.ElementClickInterceptedException: element click intercepted: Element <a href="https://ecommerce.tealiumdemo.com/accessories/shoes/dorian-preforated-oxford-558.html" title="...">Dorian Perforated Oxford</a> is not clickable at point (499, 669). Other element would receive the click: <div id="notice-container" style="background-color: orange; color: black; width: 100%; padding: 10px 20px; text-align: center; border-top: 4px solid white; position: fixed; bottom: 0px; z-index: 999999;">...</div>
  (Session info: chrome=147.0.7727.138)
Build info: version: '4.21.0', revision: '79ed462ef4'
System info: os.name: 'Windows 11', os.arch: 'amd64', os.version: '10.0', java.version: '17.0.8'
Driver info: org.openqa.selenium.chrome.ChromeDriver
Command: [d96d2e167e5e6a68082470c590fff8aa, clickElement {id=f.B0351387C6C67800F44F086E22E5E944.d.1A9E63FED3081E0627207E24959228B2.e.357}]
Capabilities {acceptInsecureCerts: false, browserName: chrome, browserVersion: 147.0.7727.138, chrome: {chromedriverVersion: 147.0.7727.117 (474cc805edd..., userDataDir: C:\Users\OMARKH~1\AppData\L...}, fedcm:accounts: true, goog:chromeOptions: {debuggerAddress: localhost:51403}, goog:processID: 25536, networkConnectionEnabled: false, pageLoadStrategy: normal, platformName: windows, proxy: Proxy(), se:cdp: ws://localhost:51403/devtoo..., se:cdpVersion: 147.0.7727.138, setWindowRect: true, strictFileInteractability: false, timeouts: {implicit: 0, pageLoad: 300000, script: 30000}, unhandledPromptBehavior: dismiss and notify, webauthn:extension:credBlob: true, webauthn:extension:largeBlob: true, webauthn:extension:minPinLength: true, webauthn:extension:prf: true, webauthn:virtualAuthenticators: true}
Element: [[ChromeDriver: chrome on windows (d96d2e167e5e6a68082470c590fff8aa)] -> css selector: ul.products-grid li.item h2.product-name a]
Session ID: d96d2e167e5e6a68082470c590fff8aa
	at java.base/jdk.internal.reflect.NativeConstructorAccessorImpl.newInstance0(Native Method) ~[?:?]
	at java.base/jdk.internal.reflect.NativeConstructorAccessorImpl.newInstance(NativeConstructorAccessorImpl.java:77) ~[?:?]
	at java.base/jdk.internal.reflect.DelegatingConstructorAccessorImpl.newInstance(DelegatingConstructorAccessorImpl.java:45) ~[?:?]
	at java.base/java.lang.reflect.Constructor.newInstanceWithCaller(Constructor.java:499) ~[?:?]
	at java.base/java.lang.reflect.Constructor.newInstance(Constructor.java:480) ~[?:?]
	at org.openqa.selenium.remote.ErrorCodec.decode(ErrorCodec.java:167) ~[selenium-remote-driver-4.21.0.jar:?]
	at org.openqa.selenium.remote.codec.w3c.W3CHttpResponseCodec.decode(W3CHttpResponseCodec.java:138) ~[selenium-remote-driver-4.21.0.jar:?]
	at org.openqa.selenium.remote.codec.w3c.W3CHttpResponseCodec.decode(W3CHttpResponseCodec.java:50) ~[selenium-remote-driver-4.21.0.jar:?]
	at org.openqa.selenium.remote.HttpCommandExecutor.execute(HttpCommandExecutor.java:190) ~[selenium-remote-driver-4.21.0.jar:?]
	at org.openqa.selenium.remote.service.DriverCommandExecutor.invokeExecute(DriverCommandExecutor.java:216) ~[selenium-remote-driver-4.21.0.jar:?]
	at org.openqa.selenium.remote.service.DriverCommandExecutor.execute(DriverCommandExecutor.java:174) ~[selenium-remote-driver-4.21.0.jar:?]
	at org.openqa.selenium.remote.RemoteWebDriver.execute(RemoteWebDriver.java:518) ~[selenium-remote-driver-4.21.0.jar:?]
	at org.openqa.selenium.remote.RemoteWebElement.execute(RemoteWebElement.java:223) ~[selenium-remote-driver-4.21.0.jar:?]
	at org.openqa.selenium.remote.RemoteWebElement.click(RemoteWebElement.java:76) ~[selenium-remote-driver-4.21.0.jar:?]
	at com.axis.automation.pages.ShoesPage.clickProductByName(ShoesPage.java:79) ~[classes/:?]
	at com.axis.automation.tests.cart.AddToCartTests.tc01_addDorianShoesToCart(AddToCartTests.java:70) ~[test-classes/:?]
	at java.base/jdk.internal.reflect.NativeMethodAccessorImpl.invoke0(Native Method) ~[?:?]
	at java.base/jdk.internal.reflect.NativeMethodAccessorImpl.invoke(NativeMethodAccessorImpl.java:77) ~[?:?]
	at java.base/jdk.internal.reflect.DelegatingMethodAccessorImpl.invoke(DelegatingMethodAccessorImpl.java:43) ~[?:?]
	at java.base/java.lang.reflect.Method.invoke(Method.java:568) ~[?:?]
	at org.testng.internal.invokers.MethodInvocationHelper.invokeMethod(MethodInvocationHelper.java:141) ~[testng-7.10.2.jar:7.10.2]
	at org.testng.internal.invokers.TestInvoker.invokeMethod(TestInvoker.java:686) ~[testng-7.10.2.jar:7.10.2]
	at org.testng.internal.invokers.TestInvoker.retryFailed(TestInvoker.java:269) ~[testng-7.10.2.jar:7.10.2]
	at org.testng.internal.invokers.MethodRunner.runInSequence(MethodRunner.java:76) ~[testng-7.10.2.jar:7.10.2]
	at org.testng.internal.invokers.TestInvoker$MethodInvocationAgent.invoke(TestInvoker.java:992) ~[testng-7.10.2.jar:7.10.2]
	at org.testng.internal.invokers.TestInvoker.invokeTestMethods(TestInvoker.java:203) ~[testng-7.10.2.jar:7.10.2]
	at org.testng.internal.invokers.TestMethodWorker.invokeTestMethods(TestMethodWorker.java:154) ~[testng-7.10.2.jar:7.10.2]
	at org.testng.internal.invokers.TestMethodWorker.run(TestMethodWorker.java:134) ~[testng-7.10.2.jar:7.10.2]
	at java.base/java.util.ArrayList.forEach(ArrayList.java:1511) [?:?]
	at org.testng.TestRunner.privateRun(TestRunner.java:739) [testng-7.10.2.jar:7.10.2]
	at org.testng.TestRunner.run(TestRunner.java:614) [testng-7.10.2.jar:7.10.2]
	at org.testng.SuiteRunner.runTest(SuiteRunner.java:421) [testng-7.10.2.jar:7.10.2]
	at org.testng.SuiteRunner.runSequentially(SuiteRunner.java:413) [testng-7.10.2.jar:7.10.2]
	at org.testng.SuiteRunner.privateRun(SuiteRunner.java:373) [testng-7.10.2.jar:7.10.2]
	at org.testng.SuiteRunner.run(SuiteRunner.java:312) [testng-7.10.2.jar:7.10.2]
	at org.testng.SuiteRunnerWorker.runSuite(SuiteRunnerWorker.java:52) [testng-7.10.2.jar:7.10.2]
	at org.testng.SuiteRunnerWorker.run(SuiteRunnerWorker.java:95) [testng-7.10.2.jar:7.10.2]
	at org.testng.TestNG.runSuitesSequentially(TestNG.java:1274) [testng-7.10.2.jar:7.10.2]
	at org.testng.TestNG.runSuitesLocally(TestNG.java:1208) [testng-7.10.2.jar:7.10.2]
	at org.testng.TestNG.runSuites(TestNG.java:1112) [testng-7.10.2.jar:7.10.2]
	at org.testng.TestNG.run(TestNG.java:1079) [testng-7.10.2.jar:7.10.2]
	at com.intellij.rt.testng.IDEARemoteTestNG.run(IDEARemoteTestNG.java:66) [testng-rt.jar:?]
	at com.intellij.rt.testng.RemoteTestNGStarter.main(RemoteTestNGStarter.java:105) [testng-rt.jar:?]
2026-05-09 00:36:05 [main] INFO  AutomationLogger - Screenshot captured: FAILED - tc01_addDorianShoesToCart
2026-05-09 00:36:05 [main] ERROR AutomationLogger - ❌ FAILED: tc01_addDorianShoesToCart
org.openqa.selenium.ElementClickInterceptedException: element click intercepted: Element <a href="https://ecommerce.tealiumdemo.com/accessories/shoes/dorian-preforated-oxford-558.html" title="...">Dorian Perforated Oxford</a> is not clickable at point (499, 669). Other element would receive the click: <div id="notice-container" style="background-color: orange; color: black; width: 100%; padding: 10px 20px; text-align: center; border-top: 4px solid white; position: fixed; bottom: 0px; z-index: 999999;">...</div>
  (Session info: chrome=147.0.7727.138)
Build info: version: '4.21.0', revision: '79ed462ef4'
System info: os.name: 'Windows 11', os.arch: 'amd64', os.version: '10.0', java.version: '17.0.8'
Driver info: org.openqa.selenium.chrome.ChromeDriver
Command: [d96d2e167e5e6a68082470c590fff8aa, clickElement {id=f.B0351387C6C67800F44F086E22E5E944.d.1A9E63FED3081E0627207E24959228B2.e.357}]
Capabilities {acceptInsecureCerts: false, browserName: chrome, browserVersion: 147.0.7727.138, chrome: {chromedriverVersion: 147.0.7727.117 (474cc805edd..., userDataDir: C:\Users\OMARKH~1\AppData\L...}, fedcm:accounts: true, goog:chromeOptions: {debuggerAddress: localhost:51403}, goog:processID: 25536, networkConnectionEnabled: false, pageLoadStrategy: normal, platformName: windows, proxy: Proxy(), se:cdp: ws://localhost:51403/devtoo..., se:cdpVersion: 147.0.7727.138, setWindowRect: true, strictFileInteractability: false, timeouts: {implicit: 0, pageLoad: 300000, script: 30000}, unhandledPromptBehavior: dismiss and notify, webauthn:extension:credBlob: true, webauthn:extension:largeBlob: true, webauthn:extension:minPinLength: true, webauthn:extension:prf: true, webauthn:virtualAuthenticators: true}
Element: [[ChromeDriver: chrome on windows (d96d2e167e5e6a68082470c590fff8aa)] -> css selector: ul.products-grid li.item h2.product-name a]
Session ID: d96d2e167e5e6a68082470c590fff8aa
	at java.base/jdk.internal.reflect.NativeConstructorAccessorImpl.newInstance0(Native Method) ~[?:?]
	at java.base/jdk.internal.reflect.NativeConstructorAccessorImpl.newInstance(NativeConstructorAccessorImpl.java:77) ~[?:?]
	at java.base/jdk.internal.reflect.DelegatingConstructorAccessorImpl.newInstance(DelegatingConstructorAccessorImpl.java:45) ~[?:?]
	at java.base/java.lang.reflect.Constructor.newInstanceWithCaller(Constructor.java:499) ~[?:?]
	at java.base/java.lang.reflect.Constructor.newInstance(Constructor.java:480) ~[?:?]
	at org.openqa.selenium.remote.ErrorCodec.decode(ErrorCodec.java:167) ~[selenium-remote-driver-4.21.0.jar:?]
	at org.openqa.selenium.remote.codec.w3c.W3CHttpResponseCodec.decode(W3CHttpResponseCodec.java:138) ~[selenium-remote-driver-4.21.0.jar:?]
	at org.openqa.selenium.remote.codec.w3c.W3CHttpResponseCodec.decode(W3CHttpResponseCodec.java:50) ~[selenium-remote-driver-4.21.0.jar:?]
	at org.openqa.selenium.remote.HttpCommandExecutor.execute(HttpCommandExecutor.java:190) ~[selenium-remote-driver-4.21.0.jar:?]
	at org.openqa.selenium.remote.service.DriverCommandExecutor.invokeExecute(DriverCommandExecutor.java:216) ~[selenium-remote-driver-4.21.0.jar:?]
	at org.openqa.selenium.remote.service.DriverCommandExecutor.execute(DriverCommandExecutor.java:174) ~[selenium-remote-driver-4.21.0.jar:?]
	at org.openqa.selenium.remote.RemoteWebDriver.execute(RemoteWebDriver.java:518) ~[selenium-remote-driver-4.21.0.jar:?]
	at org.openqa.selenium.remote.RemoteWebElement.execute(RemoteWebElement.java:223) ~[selenium-remote-driver-4.21.0.jar:?]
	at org.openqa.selenium.remote.RemoteWebElement.click(RemoteWebElement.java:76) ~[selenium-remote-driver-4.21.0.jar:?]
	at com.axis.automation.pages.ShoesPage.clickProductByName(ShoesPage.java:79) ~[classes/:?]
	at com.axis.automation.tests.cart.AddToCartTests.tc01_addDorianShoesToCart(AddToCartTests.java:70) ~[test-classes/:?]
	at java.base/jdk.internal.reflect.NativeMethodAccessorImpl.invoke0(Native Method) ~[?:?]
	at java.base/jdk.internal.reflect.NativeMethodAccessorImpl.invoke(NativeMethodAccessorImpl.java:77) ~[?:?]
	at java.base/jdk.internal.reflect.DelegatingMethodAccessorImpl.invoke(DelegatingMethodAccessorImpl.java:43) ~[?:?]
	at java.base/java.lang.reflect.Method.invoke(Method.java:568) ~[?:?]
	at org.testng.internal.invokers.MethodInvocationHelper.invokeMethod(MethodInvocationHelper.java:141) ~[testng-7.10.2.jar:7.10.2]
	at org.testng.internal.invokers.TestInvoker.invokeMethod(TestInvoker.java:686) ~[testng-7.10.2.jar:7.10.2]
	at org.testng.internal.invokers.TestInvoker.retryFailed(TestInvoker.java:269) ~[testng-7.10.2.jar:7.10.2]
	at org.testng.internal.invokers.MethodRunner.runInSequence(MethodRunner.java:76) ~[testng-7.10.2.jar:7.10.2]
	at org.testng.internal.invokers.TestInvoker$MethodInvocationAgent.invoke(TestInvoker.java:992) ~[testng-7.10.2.jar:7.10.2]
	at org.testng.internal.invokers.TestInvoker.invokeTestMethods(TestInvoker.java:203) ~[testng-7.10.2.jar:7.10.2]
	at org.testng.internal.invokers.TestMethodWorker.invokeTestMethods(TestMethodWorker.java:154) ~[testng-7.10.2.jar:7.10.2]
	at org.testng.internal.invokers.TestMethodWorker.run(TestMethodWorker.java:134) ~[testng-7.10.2.jar:7.10.2]
	at java.base/java.util.ArrayList.forEach(ArrayList.java:1511) [?:?]
	at org.testng.TestRunner.privateRun(TestRunner.java:739) [testng-7.10.2.jar:7.10.2]
	at org.testng.TestRunner.run(TestRunner.java:614) [testng-7.10.2.jar:7.10.2]
	at org.testng.SuiteRunner.runTest(SuiteRunner.java:421) [testng-7.10.2.jar:7.10.2]
	at org.testng.SuiteRunner.runSequentially(SuiteRunner.java:413) [testng-7.10.2.jar:7.10.2]
	at org.testng.SuiteRunner.privateRun(SuiteRunner.java:373) [testng-7.10.2.jar:7.10.2]
	at org.testng.SuiteRunner.run(SuiteRunner.java:312) [testng-7.10.2.jar:7.10.2]
	at org.testng.SuiteRunnerWorker.runSuite(SuiteRunnerWorker.java:52) [testng-7.10.2.jar:7.10.2]
	at org.testng.SuiteRunnerWorker.run(SuiteRunnerWorker.java:95) [testng-7.10.2.jar:7.10.2]
	at org.testng.TestNG.runSuitesSequentially(TestNG.java:1274) [testng-7.10.2.jar:7.10.2]
	at org.testng.TestNG.runSuitesLocally(TestNG.java:1208) [testng-7.10.2.jar:7.10.2]
	at org.testng.TestNG.runSuites(TestNG.java:1112) [testng-7.10.2.jar:7.10.2]
	at org.testng.TestNG.run(TestNG.java:1079) [testng-7.10.2.jar:7.10.2]
	at com.intellij.rt.testng.IDEARemoteTestNG.run(IDEARemoteTestNG.java:66) [testng-rt.jar:?]
	at com.intellij.rt.testng.RemoteTestNGStarter.main(RemoteTestNGStarter.java:105) [testng-rt.jar:?]
2026-05-09 00:36:05 [main] INFO  AutomationLogger - Browser closed after: tc01_addDorianShoesToCart
2026-05-09 00:47:48 [main] INFO  AutomationLogger - Browser launched: chrome | URL: https://ecommerce.tealiumdemo.com
2026-05-09 00:47:49 [main] INFO  AutomationLogger - Clicked: By.cssSelector: input#privacy_pref_optin
2026-05-09 00:47:49 [main] INFO  AutomationLogger - Consent modal detected — selected Opt-In
2026-05-09 00:47:49 [main] INFO  AutomationLogger - Clicked: By.cssSelector: div#consent_prompt_submit
2026-05-09 00:47:49 [main] INFO  AutomationLogger - Consent modal dismissed successfully
2026-05-09 00:47:49 [main] INFO  AutomationLogger - ▶️ TEST STARTED: tc01_addDorianShoesToCart
2026-05-09 00:47:50 [main] INFO  AutomationLogger - Test data loaded: [existingUser] from [testdata/users.json]
2026-05-09 00:47:51 [main] INFO  AutomationLogger - Clicked: By.cssSelector: a.skip-account
2026-05-09 00:47:51 [main] INFO  AutomationLogger - Opened account dropdown
2026-05-09 00:47:51 [main] INFO  AutomationLogger - Clicked: By.cssSelector: #header-account a[href*='account/login']
2026-05-09 00:47:51 [main] INFO  AutomationLogger - Clicked Log In from header
2026-05-09 00:47:53 [main] INFO  AutomationLogger - Typed 'o.khaledomar98@gmail.com' into: By.id: email
2026-05-09 00:47:53 [main] INFO  AutomationLogger - Entered email: o.khaledomar98@gmail.com
2026-05-09 00:47:53 [main] INFO  AutomationLogger - Typed '1234567' into: By.id: pass
2026-05-09 00:47:53 [main] INFO  AutomationLogger - Entered password
2026-05-09 00:47:53 [main] INFO  AutomationLogger - Scrolled to: By.id: send2
2026-05-09 00:47:55 [main] INFO  AutomationLogger - JS Clicked: By.id: send2
2026-05-09 00:47:55 [main] INFO  AutomationLogger - Clicked Login button
2026-05-09 00:47:55 [main] INFO  AutomationLogger - Login submitted — transitioning to Account Dashboard
2026-05-09 00:47:55 [main] INFO  AutomationLogger - Account dashboard loaded successfully
2026-05-09 00:47:55 [main] INFO  AutomationLogger - Hovered over: By.cssSelector: li.nav-3 > a
2026-05-09 00:47:55 [main] INFO  AutomationLogger - Hovered over Accessories menu
2026-05-09 00:47:56 [main] INFO  AutomationLogger - Clicked: By.cssSelector: a[href*='accessories/shoes']
2026-05-09 00:47:56 [main] INFO  AutomationLogger - Clicked Shoes from Accessories submenu
2026-05-09 00:47:59 [main] INFO  AutomationLogger - Selected 'Price' from: By.cssSelector: div.sort-by select
2026-05-09 00:47:59 [main] INFO  AutomationLogger - Sorted by Price low to high
2026-05-09 00:47:59 [main] INFO  AutomationLogger - Product prices found: [210.0, 310.0, 375.0, 390.0, 410.0, 470.0]
2026-05-09 00:48:00 [main] INFO  AutomationLogger - Found product: DORIAN PERFORATED OXFORD — clicking View Details
2026-05-09 00:48:00 [main] INFO  AutomationLogger - Scrolled to element: [[ChromeDriver: chrome on windows (fffd961d3a0202a424d6aa575188720d)] -> css selector: ul.products-grid li.item div.actions a.button]
2026-05-09 00:48:00 [main] INFO  AutomationLogger - JS Clicked element: [[ChromeDriver: chrome on windows (fffd961d3a0202a424d6aa575188720d)] -> css selector: ul.products-grid li.item div.actions a.button]
2026-05-09 00:48:10 [main] WARN  AutomationLogger - Retrying test [tc01_addDorianShoesToCart] - Attempt: 1
2026-05-09 00:48:10 [main] WARN  AutomationLogger - ⏭️ TEST SKIPPED: tc01_addDorianShoesToCart
2026-05-09 00:48:10 [main] WARN  AutomationLogger - ⏭️ SKIPPED: tc01_addDorianShoesToCart
2026-05-09 00:48:11 [main] INFO  AutomationLogger - Browser closed after: tc01_addDorianShoesToCart
2026-05-09 00:48:16 [main] INFO  AutomationLogger - Browser launched: chrome | URL: https://ecommerce.tealiumdemo.com
2026-05-09 00:48:16 [main] INFO  AutomationLogger - Clicked: By.cssSelector: input#privacy_pref_optin
2026-05-09 00:48:16 [main] INFO  AutomationLogger - Consent modal detected — selected Opt-In
2026-05-09 00:48:16 [main] INFO  AutomationLogger - Clicked: By.cssSelector: div#consent_prompt_submit
2026-05-09 00:48:16 [main] INFO  AutomationLogger - Consent modal dismissed successfully
2026-05-09 00:48:16 [main] INFO  AutomationLogger - ▶️ TEST STARTED: tc01_addDorianShoesToCart
2026-05-09 00:48:16 [main] INFO  AutomationLogger - Test data loaded: [existingUser] from [testdata/users.json]
2026-05-09 00:48:16 [main] INFO  AutomationLogger - Clicked: By.cssSelector: a.skip-account
2026-05-09 00:48:16 [main] INFO  AutomationLogger - Opened account dropdown
2026-05-09 00:48:18 [main] INFO  AutomationLogger - Clicked: By.cssSelector: #header-account a[href*='account/login']
2026-05-09 00:48:18 [main] INFO  AutomationLogger - Clicked Log In from header
2026-05-09 00:48:20 [main] INFO  AutomationLogger - Typed 'o.khaledomar98@gmail.com' into: By.id: email
2026-05-09 00:48:20 [main] INFO  AutomationLogger - Entered email: o.khaledomar98@gmail.com
2026-05-09 00:48:20 [main] INFO  AutomationLogger - Typed '1234567' into: By.id: pass
2026-05-09 00:48:20 [main] INFO  AutomationLogger - Entered password
2026-05-09 00:48:20 [main] INFO  AutomationLogger - Scrolled to: By.id: send2
2026-05-09 00:48:21 [main] INFO  AutomationLogger - JS Clicked: By.id: send2
2026-05-09 00:48:21 [main] INFO  AutomationLogger - Clicked Login button
2026-05-09 00:48:21 [main] INFO  AutomationLogger - Login submitted — transitioning to Account Dashboard
2026-05-09 00:48:21 [main] INFO  AutomationLogger - Account dashboard loaded successfully
2026-05-09 00:48:22 [main] INFO  AutomationLogger - Hovered over: By.cssSelector: li.nav-3 > a
2026-05-09 00:48:22 [main] INFO  AutomationLogger - Hovered over Accessories menu
2026-05-09 00:48:22 [main] INFO  AutomationLogger - Clicked: By.cssSelector: a[href*='accessories/shoes']
2026-05-09 00:48:22 [main] INFO  AutomationLogger - Clicked Shoes from Accessories submenu
2026-05-09 00:48:25 [main] INFO  AutomationLogger - Selected 'Price' from: By.cssSelector: div.sort-by select
2026-05-09 00:48:25 [main] INFO  AutomationLogger - Sorted by Price low to high
2026-05-09 00:48:25 [main] INFO  AutomationLogger - Product prices found: [210.0, 310.0, 375.0, 390.0, 410.0, 470.0]
2026-05-09 00:48:25 [main] INFO  AutomationLogger - Found product: DORIAN PERFORATED OXFORD — clicking View Details
2026-05-09 00:48:25 [main] INFO  AutomationLogger - Scrolled to element: [[ChromeDriver: chrome on windows (3197e5afe17195e65f4e59612b5c06a7)] -> css selector: ul.products-grid li.item div.actions a.button]
2026-05-09 00:48:26 [main] INFO  AutomationLogger - JS Clicked element: [[ChromeDriver: chrome on windows (3197e5afe17195e65f4e59612b5c06a7)] -> css selector: ul.products-grid li.item div.actions a.button]
2026-05-09 00:48:36 [main] WARN  AutomationLogger - Retrying test [tc01_addDorianShoesToCart] - Attempt: 2
2026-05-09 00:48:36 [main] WARN  AutomationLogger - ⏭️ TEST SKIPPED: tc01_addDorianShoesToCart
2026-05-09 00:48:36 [main] WARN  AutomationLogger - ⏭️ SKIPPED: tc01_addDorianShoesToCart
2026-05-09 00:48:36 [main] INFO  AutomationLogger - Browser closed after: tc01_addDorianShoesToCart
2026-05-09 00:48:41 [main] INFO  AutomationLogger - Browser launched: chrome | URL: https://ecommerce.tealiumdemo.com
2026-05-09 00:48:41 [main] INFO  AutomationLogger - Clicked: By.cssSelector: input#privacy_pref_optin
2026-05-09 00:48:41 [main] INFO  AutomationLogger - Consent modal detected — selected Opt-In
2026-05-09 00:48:41 [main] INFO  AutomationLogger - Clicked: By.cssSelector: div#consent_prompt_submit
2026-05-09 00:48:41 [main] INFO  AutomationLogger - Consent modal dismissed successfully
2026-05-09 00:48:42 [main] INFO  AutomationLogger - ▶️ TEST STARTED: tc01_addDorianShoesToCart
2026-05-09 00:48:42 [main] INFO  AutomationLogger - Test data loaded: [existingUser] from [testdata/users.json]
2026-05-09 00:48:42 [main] INFO  AutomationLogger - Clicked: By.cssSelector: a.skip-account
2026-05-09 00:48:42 [main] INFO  AutomationLogger - Opened account dropdown
2026-05-09 00:48:42 [main] INFO  AutomationLogger - Clicked: By.cssSelector: #header-account a[href*='account/login']
2026-05-09 00:48:42 [main] INFO  AutomationLogger - Clicked Log In from header
2026-05-09 00:48:45 [main] INFO  AutomationLogger - Typed 'o.khaledomar98@gmail.com' into: By.id: email
2026-05-09 00:48:45 [main] INFO  AutomationLogger - Entered email: o.khaledomar98@gmail.com
2026-05-09 00:48:45 [main] INFO  AutomationLogger - Typed '1234567' into: By.id: pass
2026-05-09 00:48:45 [main] INFO  AutomationLogger - Entered password
2026-05-09 00:48:45 [main] INFO  AutomationLogger - Scrolled to: By.id: send2
2026-05-09 00:48:47 [main] INFO  AutomationLogger - JS Clicked: By.id: send2
2026-05-09 00:48:47 [main] INFO  AutomationLogger - Clicked Login button
2026-05-09 00:48:47 [main] INFO  AutomationLogger - Login submitted — transitioning to Account Dashboard
2026-05-09 00:48:47 [main] INFO  AutomationLogger - Account dashboard loaded successfully
2026-05-09 00:48:47 [main] INFO  AutomationLogger - Hovered over: By.cssSelector: li.nav-3 > a
2026-05-09 00:48:47 [main] INFO  AutomationLogger - Hovered over Accessories menu
2026-05-09 00:48:48 [main] INFO  AutomationLogger - Clicked: By.cssSelector: a[href*='accessories/shoes']
2026-05-09 00:48:48 [main] INFO  AutomationLogger - Clicked Shoes from Accessories submenu
2026-05-09 00:48:50 [main] INFO  AutomationLogger - Selected 'Price' from: By.cssSelector: div.sort-by select
2026-05-09 00:48:50 [main] INFO  AutomationLogger - Sorted by Price low to high
2026-05-09 00:48:51 [main] INFO  AutomationLogger - Product prices found: [210.0, 310.0, 375.0, 390.0, 410.0, 470.0]
2026-05-09 00:48:51 [main] INFO  AutomationLogger - Found product: DORIAN PERFORATED OXFORD — clicking View Details
2026-05-09 00:48:51 [main] INFO  AutomationLogger - Scrolled to element: [[ChromeDriver: chrome on windows (c45cab8fec6044c8ed7dc25426695305)] -> css selector: ul.products-grid li.item div.actions a.button]
2026-05-09 00:48:51 [main] INFO  AutomationLogger - JS Clicked element: [[ChromeDriver: chrome on windows (c45cab8fec6044c8ed7dc25426695305)] -> css selector: ul.products-grid li.item div.actions a.button]
2026-05-09 00:49:01 [main] ERROR AutomationLogger - ❌ TEST FAILED: tc01_addDorianShoesToCart
java.lang.AssertionError: Step 5 FAILED — Should be redirected to product details page expected [true] but found [false]
	at org.testng.Assert.fail(Assert.java:111) ~[testng-7.10.2.jar:7.10.2]
	at org.testng.Assert.failNotEquals(Assert.java:1578) ~[testng-7.10.2.jar:7.10.2]
	at org.testng.Assert.assertTrue(Assert.java:57) ~[testng-7.10.2.jar:7.10.2]
	at com.axis.automation.tests.cart.AddToCartTests.tc01_addDorianShoesToCart(AddToCartTests.java:72) ~[test-classes/:?]
	at java.base/jdk.internal.reflect.NativeMethodAccessorImpl.invoke0(Native Method) ~[?:?]
	at java.base/jdk.internal.reflect.NativeMethodAccessorImpl.invoke(NativeMethodAccessorImpl.java:77) ~[?:?]
	at java.base/jdk.internal.reflect.DelegatingMethodAccessorImpl.invoke(DelegatingMethodAccessorImpl.java:43) ~[?:?]
	at java.base/java.lang.reflect.Method.invoke(Method.java:568) ~[?:?]
	at org.testng.internal.invokers.MethodInvocationHelper.invokeMethod(MethodInvocationHelper.java:141) ~[testng-7.10.2.jar:7.10.2]
	at org.testng.internal.invokers.TestInvoker.invokeMethod(TestInvoker.java:686) ~[testng-7.10.2.jar:7.10.2]
	at org.testng.internal.invokers.TestInvoker.retryFailed(TestInvoker.java:269) ~[testng-7.10.2.jar:7.10.2]
	at org.testng.internal.invokers.MethodRunner.runInSequence(MethodRunner.java:76) ~[testng-7.10.2.jar:7.10.2]
	at org.testng.internal.invokers.TestInvoker$MethodInvocationAgent.invoke(TestInvoker.java:992) ~[testng-7.10.2.jar:7.10.2]
	at org.testng.internal.invokers.TestInvoker.invokeTestMethods(TestInvoker.java:203) ~[testng-7.10.2.jar:7.10.2]
	at org.testng.internal.invokers.TestMethodWorker.invokeTestMethods(TestMethodWorker.java:154) ~[testng-7.10.2.jar:7.10.2]
	at org.testng.internal.invokers.TestMethodWorker.run(TestMethodWorker.java:134) ~[testng-7.10.2.jar:7.10.2]
	at java.base/java.util.ArrayList.forEach(ArrayList.java:1511) [?:?]
	at org.testng.TestRunner.privateRun(TestRunner.java:739) [testng-7.10.2.jar:7.10.2]
	at org.testng.TestRunner.run(TestRunner.java:614) [testng-7.10.2.jar:7.10.2]
	at org.testng.SuiteRunner.runTest(SuiteRunner.java:421) [testng-7.10.2.jar:7.10.2]
	at org.testng.SuiteRunner.runSequentially(SuiteRunner.java:413) [testng-7.10.2.jar:7.10.2]
	at org.testng.SuiteRunner.privateRun(SuiteRunner.java:373) [testng-7.10.2.jar:7.10.2]
	at org.testng.SuiteRunner.run(SuiteRunner.java:312) [testng-7.10.2.jar:7.10.2]
	at org.testng.SuiteRunnerWorker.runSuite(SuiteRunnerWorker.java:52) [testng-7.10.2.jar:7.10.2]
	at org.testng.SuiteRunnerWorker.run(SuiteRunnerWorker.java:95) [testng-7.10.2.jar:7.10.2]
	at org.testng.TestNG.runSuitesSequentially(TestNG.java:1274) [testng-7.10.2.jar:7.10.2]
	at org.testng.TestNG.runSuitesLocally(TestNG.java:1208) [testng-7.10.2.jar:7.10.2]
	at org.testng.TestNG.runSuites(TestNG.java:1112) [testng-7.10.2.jar:7.10.2]
	at org.testng.TestNG.run(TestNG.java:1079) [testng-7.10.2.jar:7.10.2]
	at com.intellij.rt.testng.IDEARemoteTestNG.run(IDEARemoteTestNG.java:66) [testng-rt.jar:?]
	at com.intellij.rt.testng.RemoteTestNGStarter.main(RemoteTestNGStarter.java:105) [testng-rt.jar:?]
2026-05-09 00:49:01 [main] INFO  AutomationLogger - Screenshot captured: FAILED - tc01_addDorianShoesToCart
2026-05-09 00:49:01 [main] ERROR AutomationLogger - ❌ FAILED: tc01_addDorianShoesToCart
java.lang.AssertionError: Step 5 FAILED — Should be redirected to product details page expected [true] but found [false]
	at org.testng.Assert.fail(Assert.java:111) ~[testng-7.10.2.jar:7.10.2]
	at org.testng.Assert.failNotEquals(Assert.java:1578) ~[testng-7.10.2.jar:7.10.2]
	at org.testng.Assert.assertTrue(Assert.java:57) ~[testng-7.10.2.jar:7.10.2]
	at com.axis.automation.tests.cart.AddToCartTests.tc01_addDorianShoesToCart(AddToCartTests.java:72) ~[test-classes/:?]
	at java.base/jdk.internal.reflect.NativeMethodAccessorImpl.invoke0(Native Method) ~[?:?]
	at java.base/jdk.internal.reflect.NativeMethodAccessorImpl.invoke(NativeMethodAccessorImpl.java:77) ~[?:?]
	at java.base/jdk.internal.reflect.DelegatingMethodAccessorImpl.invoke(DelegatingMethodAccessorImpl.java:43) ~[?:?]
	at java.base/java.lang.reflect.Method.invoke(Method.java:568) ~[?:?]
	at org.testng.internal.invokers.MethodInvocationHelper.invokeMethod(MethodInvocationHelper.java:141) ~[testng-7.10.2.jar:7.10.2]
	at org.testng.internal.invokers.TestInvoker.invokeMethod(TestInvoker.java:686) ~[testng-7.10.2.jar:7.10.2]
	at org.testng.internal.invokers.TestInvoker.retryFailed(TestInvoker.java:269) ~[testng-7.10.2.jar:7.10.2]
	at org.testng.internal.invokers.MethodRunner.runInSequence(MethodRunner.java:76) ~[testng-7.10.2.jar:7.10.2]
	at org.testng.internal.invokers.TestInvoker$MethodInvocationAgent.invoke(TestInvoker.java:992) ~[testng-7.10.2.jar:7.10.2]
	at org.testng.internal.invokers.TestInvoker.invokeTestMethods(TestInvoker.java:203) ~[testng-7.10.2.jar:7.10.2]
	at org.testng.internal.invokers.TestMethodWorker.invokeTestMethods(TestMethodWorker.java:154) ~[testng-7.10.2.jar:7.10.2]
	at org.testng.internal.invokers.TestMethodWorker.run(TestMethodWorker.java:134) ~[testng-7.10.2.jar:7.10.2]
	at java.base/java.util.ArrayList.forEach(ArrayList.java:1511) [?:?]
	at org.testng.TestRunner.privateRun(TestRunner.java:739) [testng-7.10.2.jar:7.10.2]
	at org.testng.TestRunner.run(TestRunner.java:614) [testng-7.10.2.jar:7.10.2]
	at org.testng.SuiteRunner.runTest(SuiteRunner.java:421) [testng-7.10.2.jar:7.10.2]
	at org.testng.SuiteRunner.runSequentially(SuiteRunner.java:413) [testng-7.10.2.jar:7.10.2]
	at org.testng.SuiteRunner.privateRun(SuiteRunner.java:373) [testng-7.10.2.jar:7.10.2]
	at org.testng.SuiteRunner.run(SuiteRunner.java:312) [testng-7.10.2.jar:7.10.2]
	at org.testng.SuiteRunnerWorker.runSuite(SuiteRunnerWorker.java:52) [testng-7.10.2.jar:7.10.2]
	at org.testng.SuiteRunnerWorker.run(SuiteRunnerWorker.java:95) [testng-7.10.2.jar:7.10.2]
	at org.testng.TestNG.runSuitesSequentially(TestNG.java:1274) [testng-7.10.2.jar:7.10.2]
	at org.testng.TestNG.runSuitesLocally(TestNG.java:1208) [testng-7.10.2.jar:7.10.2]
	at org.testng.TestNG.runSuites(TestNG.java:1112) [testng-7.10.2.jar:7.10.2]
	at org.testng.TestNG.run(TestNG.java:1079) [testng-7.10.2.jar:7.10.2]
	at com.intellij.rt.testng.IDEARemoteTestNG.run(IDEARemoteTestNG.java:66) [testng-rt.jar:?]
	at com.intellij.rt.testng.RemoteTestNGStarter.main(RemoteTestNGStarter.java:105) [testng-rt.jar:?]
2026-05-09 00:49:02 [main] INFO  AutomationLogger - Browser closed after: tc01_addDorianShoesToCart
2026-05-09 00:56:12 [main] INFO  AutomationLogger - Browser launched: chrome | URL: https://ecommerce.tealiumdemo.com
2026-05-09 00:56:13 [main] INFO  AutomationLogger - Clicked: By.cssSelector: input#privacy_pref_optin
2026-05-09 00:56:13 [main] INFO  AutomationLogger - Consent modal detected — selected Opt-In
2026-05-09 00:56:13 [main] INFO  AutomationLogger - Clicked: By.cssSelector: div#consent_prompt_submit
2026-05-09 00:56:13 [main] INFO  AutomationLogger - Consent modal dismissed successfully
2026-05-09 00:56:13 [main] INFO  AutomationLogger - ▶️ TEST STARTED: tc01_addDorianShoesToCart
2026-05-09 00:56:14 [main] INFO  AutomationLogger - Test data loaded: [existingUser] from [testdata/users.json]
2026-05-09 00:56:14 [main] INFO  AutomationLogger - Clicked: By.cssSelector: a.skip-account
2026-05-09 00:56:14 [main] INFO  AutomationLogger - Opened account dropdown
2026-05-09 00:56:15 [main] INFO  AutomationLogger - Clicked: By.cssSelector: #header-account a[href*='account/login']
2026-05-09 00:56:15 [main] INFO  AutomationLogger - Clicked Log In from header
2026-05-09 00:56:17 [main] INFO  AutomationLogger - Typed 'o.khaledomar98@gmail.com' into: By.id: email
2026-05-09 00:56:17 [main] INFO  AutomationLogger - Entered email: o.khaledomar98@gmail.com
2026-05-09 00:56:17 [main] INFO  AutomationLogger - Typed '1234567' into: By.id: pass
2026-05-09 00:56:17 [main] INFO  AutomationLogger - Entered password
2026-05-09 00:56:17 [main] INFO  AutomationLogger - Scrolled to: By.id: send2
2026-05-09 00:56:19 [main] INFO  AutomationLogger - JS Clicked: By.id: send2
2026-05-09 00:56:19 [main] INFO  AutomationLogger - Clicked Login button
2026-05-09 00:56:19 [main] INFO  AutomationLogger - Login submitted — transitioning to Account Dashboard
2026-05-09 00:56:19 [main] INFO  AutomationLogger - Account dashboard loaded successfully
2026-05-09 00:56:19 [main] INFO  AutomationLogger - Hovered over: By.cssSelector: li.nav-3 > a
2026-05-09 00:56:19 [main] INFO  AutomationLogger - Hovered over Accessories menu
2026-05-09 00:56:20 [main] INFO  AutomationLogger - Clicked: By.cssSelector: a[href*='accessories/shoes']
2026-05-09 00:56:20 [main] INFO  AutomationLogger - Clicked Shoes from Accessories submenu
2026-05-09 00:56:24 [main] INFO  AutomationLogger - Selected 'Price' from: By.cssSelector: div.sort-by select
2026-05-09 00:56:24 [main] INFO  AutomationLogger - Sorted by Price low to high
2026-05-09 00:56:24 [main] INFO  AutomationLogger - Product prices found: [210.0, 310.0, 375.0, 390.0, 410.0, 470.0]
2026-05-09 00:56:24 [main] INFO  AutomationLogger - Found product: DORIAN PERFORATED OXFORD — clicking View Details
2026-05-09 00:56:24 [main] INFO  AutomationLogger - Scrolled to element: [[ChromeDriver: chrome on windows (eecde5eb42fe6ee185ecac13e35876f3)] -> css selector: ul.products-grid li.item div.actions a.button]
2026-05-09 00:56:24 [main] INFO  AutomationLogger - JS Clicked element: [[ChromeDriver: chrome on windows (eecde5eb42fe6ee185ecac13e35876f3)] -> css selector: ul.products-grid li.item div.actions a.button]
2026-05-09 00:56:37 [main] WARN  AutomationLogger - Retrying test [tc01_addDorianShoesToCart] - Attempt: 1
2026-05-09 00:56:37 [main] WARN  AutomationLogger - ⏭️ TEST SKIPPED: tc01_addDorianShoesToCart
2026-05-09 00:56:37 [main] WARN  AutomationLogger - ⏭️ SKIPPED: tc01_addDorianShoesToCart
2026-05-09 00:56:37 [main] INFO  AutomationLogger - Browser closed after: tc01_addDorianShoesToCart
2026-05-09 00:56:41 [main] INFO  AutomationLogger - Browser launched: chrome | URL: https://ecommerce.tealiumdemo.com
2026-05-09 00:56:41 [main] INFO  AutomationLogger - Clicked: By.cssSelector: input#privacy_pref_optin
2026-05-09 00:56:41 [main] INFO  AutomationLogger - Consent modal detected — selected Opt-In
2026-05-09 00:56:42 [main] INFO  AutomationLogger - Clicked: By.cssSelector: div#consent_prompt_submit
2026-05-09 00:56:42 [main] INFO  AutomationLogger - Consent modal dismissed successfully
2026-05-09 00:56:42 [main] INFO  AutomationLogger - ▶️ TEST STARTED: tc01_addDorianShoesToCart
2026-05-09 00:56:42 [main] INFO  AutomationLogger - Test data loaded: [existingUser] from [testdata/users.json]
2026-05-09 00:56:42 [main] INFO  AutomationLogger - Clicked: By.cssSelector: a.skip-account
2026-05-09 00:56:42 [main] INFO  AutomationLogger - Opened account dropdown
2026-05-09 00:56:43 [main] INFO  AutomationLogger - Clicked: By.cssSelector: #header-account a[href*='account/login']
2026-05-09 00:56:43 [main] INFO  AutomationLogger - Clicked Log In from header
2026-05-09 00:56:44 [main] INFO  AutomationLogger - Typed 'o.khaledomar98@gmail.com' into: By.id: email
2026-05-09 00:56:44 [main] INFO  AutomationLogger - Entered email: o.khaledomar98@gmail.com
2026-05-09 00:56:45 [main] INFO  AutomationLogger - Typed '1234567' into: By.id: pass
2026-05-09 00:56:45 [main] INFO  AutomationLogger - Entered password
2026-05-09 00:56:45 [main] INFO  AutomationLogger - Scrolled to: By.id: send2
2026-05-09 00:56:46 [main] INFO  AutomationLogger - JS Clicked: By.id: send2
2026-05-09 00:56:46 [main] INFO  AutomationLogger - Clicked Login button
2026-05-09 00:56:46 [main] INFO  AutomationLogger - Login submitted — transitioning to Account Dashboard
2026-05-09 00:56:46 [main] INFO  AutomationLogger - Account dashboard loaded successfully
2026-05-09 00:56:46 [main] INFO  AutomationLogger - Hovered over: By.cssSelector: li.nav-3 > a
2026-05-09 00:56:46 [main] INFO  AutomationLogger - Hovered over Accessories menu
2026-05-09 00:56:47 [main] INFO  AutomationLogger - Clicked: By.cssSelector: a[href*='accessories/shoes']
2026-05-09 00:56:47 [main] INFO  AutomationLogger - Clicked Shoes from Accessories submenu
2026-05-09 00:56:49 [main] INFO  AutomationLogger - Selected 'Price' from: By.cssSelector: div.sort-by select
2026-05-09 00:56:49 [main] INFO  AutomationLogger - Sorted by Price low to high
2026-05-09 00:56:50 [main] INFO  AutomationLogger - Product prices found: [210.0, 310.0, 375.0, 390.0, 410.0, 470.0]
2026-05-09 00:56:50 [main] INFO  AutomationLogger - Found product: DORIAN PERFORATED OXFORD — clicking View Details
2026-05-09 00:56:50 [main] INFO  AutomationLogger - Scrolled to element: [[ChromeDriver: chrome on windows (2c60c993acad3e3ccb861f168971424e)] -> css selector: ul.products-grid li.item div.actions a.button]
2026-05-09 00:56:50 [main] INFO  AutomationLogger - JS Clicked element: [[ChromeDriver: chrome on windows (2c60c993acad3e3ccb861f168971424e)] -> css selector: ul.products-grid li.item div.actions a.button]
2026-05-09 00:57:01 [main] WARN  AutomationLogger - Retrying test [tc01_addDorianShoesToCart] - Attempt: 2
2026-05-09 00:57:01 [main] WARN  AutomationLogger - ⏭️ TEST SKIPPED: tc01_addDorianShoesToCart
2026-05-09 00:57:01 [main] WARN  AutomationLogger - ⏭️ SKIPPED: tc01_addDorianShoesToCart
2026-05-09 00:57:01 [main] INFO  AutomationLogger - Browser closed after: tc01_addDorianShoesToCart
2026-05-09 00:57:05 [main] INFO  AutomationLogger - Browser launched: chrome | URL: https://ecommerce.tealiumdemo.com
2026-05-09 00:57:05 [main] INFO  AutomationLogger - Clicked: By.cssSelector: input#privacy_pref_optin
2026-05-09 00:57:05 [main] INFO  AutomationLogger - Consent modal detected — selected Opt-In
2026-05-09 00:57:05 [main] INFO  AutomationLogger - Clicked: By.cssSelector: div#consent_prompt_submit
2026-05-09 00:57:05 [main] INFO  AutomationLogger - Consent modal dismissed successfully
2026-05-09 00:57:06 [main] INFO  AutomationLogger - ▶️ TEST STARTED: tc01_addDorianShoesToCart
2026-05-09 00:57:06 [main] INFO  AutomationLogger - Test data loaded: [existingUser] from [testdata/users.json]
2026-05-09 00:57:06 [main] INFO  AutomationLogger - Clicked: By.cssSelector: a.skip-account
2026-05-09 00:57:06 [main] INFO  AutomationLogger - Opened account dropdown
2026-05-09 00:57:07 [main] INFO  AutomationLogger - Clicked: By.cssSelector: #header-account a[href*='account/login']
2026-05-09 00:57:07 [main] INFO  AutomationLogger - Clicked Log In from header
2026-05-09 00:57:08 [main] INFO  AutomationLogger - Typed 'o.khaledomar98@gmail.com' into: By.id: email
2026-05-09 00:57:08 [main] INFO  AutomationLogger - Entered email: o.khaledomar98@gmail.com
2026-05-09 00:57:08 [main] INFO  AutomationLogger - Typed '1234567' into: By.id: pass
2026-05-09 00:57:08 [main] INFO  AutomationLogger - Entered password
2026-05-09 00:57:08 [main] INFO  AutomationLogger - Scrolled to: By.id: send2
2026-05-09 00:57:10 [main] INFO  AutomationLogger - JS Clicked: By.id: send2
2026-05-09 00:57:10 [main] INFO  AutomationLogger - Clicked Login button
2026-05-09 00:57:10 [main] INFO  AutomationLogger - Login submitted — transitioning to Account Dashboard
2026-05-09 00:57:10 [main] INFO  AutomationLogger - Account dashboard loaded successfully
2026-05-09 00:57:10 [main] INFO  AutomationLogger - Hovered over: By.cssSelector: li.nav-3 > a
2026-05-09 00:57:10 [main] INFO  AutomationLogger - Hovered over Accessories menu
2026-05-09 00:57:10 [main] INFO  AutomationLogger - Clicked: By.cssSelector: a[href*='accessories/shoes']
2026-05-09 00:57:10 [main] INFO  AutomationLogger - Clicked Shoes from Accessories submenu
2026-05-09 00:57:13 [main] INFO  AutomationLogger - Selected 'Price' from: By.cssSelector: div.sort-by select
2026-05-09 00:57:13 [main] INFO  AutomationLogger - Sorted by Price low to high
2026-05-09 00:57:13 [main] INFO  AutomationLogger - Product prices found: [210.0, 310.0, 375.0, 390.0, 410.0, 470.0]
2026-05-09 00:57:14 [main] INFO  AutomationLogger - Found product: DORIAN PERFORATED OXFORD — clicking View Details
2026-05-09 00:57:14 [main] INFO  AutomationLogger - Scrolled to element: [[ChromeDriver: chrome on windows (3024d95a8da34f03ef556ffb92303b6e)] -> css selector: ul.products-grid li.item div.actions a.button]
2026-05-09 00:57:14 [main] INFO  AutomationLogger - JS Clicked element: [[ChromeDriver: chrome on windows (3024d95a8da34f03ef556ffb92303b6e)] -> css selector: ul.products-grid li.item div.actions a.button]
2026-05-09 00:57:25 [main] ERROR AutomationLogger - ❌ TEST FAILED: tc01_addDorianShoesToCart
java.lang.AssertionError: Step 5 FAILED — Should be redirected to product details page expected [true] but found [false]
	at org.testng.Assert.fail(Assert.java:111) ~[testng-7.10.2.jar:7.10.2]
	at org.testng.Assert.failNotEquals(Assert.java:1578) ~[testng-7.10.2.jar:7.10.2]
	at org.testng.Assert.assertTrue(Assert.java:57) ~[testng-7.10.2.jar:7.10.2]
	at com.axis.automation.tests.cart.AddToCartTests.tc01_addDorianShoesToCart(AddToCartTests.java:72) ~[test-classes/:?]
	at java.base/jdk.internal.reflect.NativeMethodAccessorImpl.invoke0(Native Method) ~[?:?]
	at java.base/jdk.internal.reflect.NativeMethodAccessorImpl.invoke(NativeMethodAccessorImpl.java:77) ~[?:?]
	at java.base/jdk.internal.reflect.DelegatingMethodAccessorImpl.invoke(DelegatingMethodAccessorImpl.java:43) ~[?:?]
	at java.base/java.lang.reflect.Method.invoke(Method.java:568) ~[?:?]
	at org.testng.internal.invokers.MethodInvocationHelper.invokeMethod(MethodInvocationHelper.java:141) ~[testng-7.10.2.jar:7.10.2]
	at org.testng.internal.invokers.TestInvoker.invokeMethod(TestInvoker.java:686) ~[testng-7.10.2.jar:7.10.2]
	at org.testng.internal.invokers.TestInvoker.retryFailed(TestInvoker.java:269) ~[testng-7.10.2.jar:7.10.2]
	at org.testng.internal.invokers.MethodRunner.runInSequence(MethodRunner.java:76) ~[testng-7.10.2.jar:7.10.2]
	at org.testng.internal.invokers.TestInvoker$MethodInvocationAgent.invoke(TestInvoker.java:992) ~[testng-7.10.2.jar:7.10.2]
	at org.testng.internal.invokers.TestInvoker.invokeTestMethods(TestInvoker.java:203) ~[testng-7.10.2.jar:7.10.2]
	at org.testng.internal.invokers.TestMethodWorker.invokeTestMethods(TestMethodWorker.java:154) ~[testng-7.10.2.jar:7.10.2]
	at org.testng.internal.invokers.TestMethodWorker.run(TestMethodWorker.java:134) ~[testng-7.10.2.jar:7.10.2]
	at java.base/java.util.ArrayList.forEach(ArrayList.java:1511) [?:?]
	at org.testng.TestRunner.privateRun(TestRunner.java:739) [testng-7.10.2.jar:7.10.2]
	at org.testng.TestRunner.run(TestRunner.java:614) [testng-7.10.2.jar:7.10.2]
	at org.testng.SuiteRunner.runTest(SuiteRunner.java:421) [testng-7.10.2.jar:7.10.2]
	at org.testng.SuiteRunner.runSequentially(SuiteRunner.java:413) [testng-7.10.2.jar:7.10.2]
	at org.testng.SuiteRunner.privateRun(SuiteRunner.java:373) [testng-7.10.2.jar:7.10.2]
	at org.testng.SuiteRunner.run(SuiteRunner.java:312) [testng-7.10.2.jar:7.10.2]
	at org.testng.SuiteRunnerWorker.runSuite(SuiteRunnerWorker.java:52) [testng-7.10.2.jar:7.10.2]
	at org.testng.SuiteRunnerWorker.run(SuiteRunnerWorker.java:95) [testng-7.10.2.jar:7.10.2]
	at org.testng.TestNG.runSuitesSequentially(TestNG.java:1274) [testng-7.10.2.jar:7.10.2]
	at org.testng.TestNG.runSuitesLocally(TestNG.java:1208) [testng-7.10.2.jar:7.10.2]
	at org.testng.TestNG.runSuites(TestNG.java:1112) [testng-7.10.2.jar:7.10.2]
	at org.testng.TestNG.run(TestNG.java:1079) [testng-7.10.2.jar:7.10.2]
	at com.intellij.rt.testng.IDEARemoteTestNG.run(IDEARemoteTestNG.java:66) [testng-rt.jar:?]
	at com.intellij.rt.testng.RemoteTestNGStarter.main(RemoteTestNGStarter.java:105) [testng-rt.jar:?]
2026-05-09 00:57:25 [main] INFO  AutomationLogger - Screenshot captured: FAILED - tc01_addDorianShoesToCart
2026-05-09 00:57:25 [main] ERROR AutomationLogger - ❌ FAILED: tc01_addDorianShoesToCart
java.lang.AssertionError: Step 5 FAILED — Should be redirected to product details page expected [true] but found [false]
	at org.testng.Assert.fail(Assert.java:111) ~[testng-7.10.2.jar:7.10.2]
	at org.testng.Assert.failNotEquals(Assert.java:1578) ~[testng-7.10.2.jar:7.10.2]
	at org.testng.Assert.assertTrue(Assert.java:57) ~[testng-7.10.2.jar:7.10.2]
	at com.axis.automation.tests.cart.AddToCartTests.tc01_addDorianShoesToCart(AddToCartTests.java:72) ~[test-classes/:?]
	at java.base/jdk.internal.reflect.NativeMethodAccessorImpl.invoke0(Native Method) ~[?:?]
	at java.base/jdk.internal.reflect.NativeMethodAccessorImpl.invoke(NativeMethodAccessorImpl.java:77) ~[?:?]
	at java.base/jdk.internal.reflect.DelegatingMethodAccessorImpl.invoke(DelegatingMethodAccessorImpl.java:43) ~[?:?]
	at java.base/java.lang.reflect.Method.invoke(Method.java:568) ~[?:?]
	at org.testng.internal.invokers.MethodInvocationHelper.invokeMethod(MethodInvocationHelper.java:141) ~[testng-7.10.2.jar:7.10.2]
	at org.testng.internal.invokers.TestInvoker.invokeMethod(TestInvoker.java:686) ~[testng-7.10.2.jar:7.10.2]
	at org.testng.internal.invokers.TestInvoker.retryFailed(TestInvoker.java:269) ~[testng-7.10.2.jar:7.10.2]
	at org.testng.internal.invokers.MethodRunner.runInSequence(MethodRunner.java:76) ~[testng-7.10.2.jar:7.10.2]
	at org.testng.internal.invokers.TestInvoker$MethodInvocationAgent.invoke(TestInvoker.java:992) ~[testng-7.10.2.jar:7.10.2]
	at org.testng.internal.invokers.TestInvoker.invokeTestMethods(TestInvoker.java:203) ~[testng-7.10.2.jar:7.10.2]
	at org.testng.internal.invokers.TestMethodWorker.invokeTestMethods(TestMethodWorker.java:154) ~[testng-7.10.2.jar:7.10.2]
	at org.testng.internal.invokers.TestMethodWorker.run(TestMethodWorker.java:134) ~[testng-7.10.2.jar:7.10.2]
	at java.base/java.util.ArrayList.forEach(ArrayList.java:1511) [?:?]
	at org.testng.TestRunner.privateRun(TestRunner.java:739) [testng-7.10.2.jar:7.10.2]
	at org.testng.TestRunner.run(TestRunner.java:614) [testng-7.10.2.jar:7.10.2]
	at org.testng.SuiteRunner.runTest(SuiteRunner.java:421) [testng-7.10.2.jar:7.10.2]
	at org.testng.SuiteRunner.runSequentially(SuiteRunner.java:413) [testng-7.10.2.jar:7.10.2]
	at org.testng.SuiteRunner.privateRun(SuiteRunner.java:373) [testng-7.10.2.jar:7.10.2]
	at org.testng.SuiteRunner.run(SuiteRunner.java:312) [testng-7.10.2.jar:7.10.2]
	at org.testng.SuiteRunnerWorker.runSuite(SuiteRunnerWorker.java:52) [testng-7.10.2.jar:7.10.2]
	at org.testng.SuiteRunnerWorker.run(SuiteRunnerWorker.java:95) [testng-7.10.2.jar:7.10.2]
	at org.testng.TestNG.runSuitesSequentially(TestNG.java:1274) [testng-7.10.2.jar:7.10.2]
	at org.testng.TestNG.runSuitesLocally(TestNG.java:1208) [testng-7.10.2.jar:7.10.2]
	at org.testng.TestNG.runSuites(TestNG.java:1112) [testng-7.10.2.jar:7.10.2]
	at org.testng.TestNG.run(TestNG.java:1079) [testng-7.10.2.jar:7.10.2]
	at com.intellij.rt.testng.IDEARemoteTestNG.run(IDEARemoteTestNG.java:66) [testng-rt.jar:?]
	at com.intellij.rt.testng.RemoteTestNGStarter.main(RemoteTestNGStarter.java:105) [testng-rt.jar:?]
2026-05-09 00:57:25 [main] INFO  AutomationLogger - Browser closed after: tc01_addDorianShoesToCart
2026-05-09 01:02:29 [main] INFO  AutomationLogger - Browser launched: chrome | URL: https://ecommerce.tealiumdemo.com
2026-05-09 01:02:30 [main] INFO  AutomationLogger - Clicked: By.cssSelector: input#privacy_pref_optin
2026-05-09 01:02:30 [main] INFO  AutomationLogger - Consent modal detected — selected Opt-In
2026-05-09 01:02:31 [main] INFO  AutomationLogger - Clicked: By.cssSelector: div#consent_prompt_submit
2026-05-09 01:02:31 [main] INFO  AutomationLogger - Consent modal dismissed successfully
2026-05-09 01:02:31 [main] INFO  AutomationLogger - ▶️ TEST STARTED: tc01_addDorianShoesToCart
2026-05-09 01:02:32 [main] INFO  AutomationLogger - Test data loaded: [existingUser] from [testdata/users.json]
2026-05-09 01:02:33 [main] INFO  AutomationLogger - Clicked: By.cssSelector: a.skip-account
2026-05-09 01:02:33 [main] INFO  AutomationLogger - Opened account dropdown
2026-05-09 01:02:33 [main] INFO  AutomationLogger - Clicked: By.cssSelector: #header-account a[href*='account/login']
2026-05-09 01:02:33 [main] INFO  AutomationLogger - Clicked Log In from header
2026-05-09 01:02:35 [main] INFO  AutomationLogger - Typed 'o.khaledomar98@gmail.com' into: By.id: email
2026-05-09 01:02:35 [main] INFO  AutomationLogger - Entered email: o.khaledomar98@gmail.com
2026-05-09 01:02:35 [main] INFO  AutomationLogger - Typed '1234567' into: By.id: pass
2026-05-09 01:02:35 [main] INFO  AutomationLogger - Entered password
2026-05-09 01:02:35 [main] INFO  AutomationLogger - Scrolled to: By.id: send2
2026-05-09 01:02:36 [main] INFO  AutomationLogger - JS Clicked: By.id: send2
2026-05-09 01:02:36 [main] INFO  AutomationLogger - Clicked Login button
2026-05-09 01:02:36 [main] INFO  AutomationLogger - Login submitted — transitioning to Account Dashboard
2026-05-09 01:02:36 [main] INFO  AutomationLogger - Account dashboard loaded successfully
2026-05-09 01:02:37 [main] INFO  AutomationLogger - Hovered over: By.cssSelector: li.nav-3 > a
2026-05-09 01:02:37 [main] INFO  AutomationLogger - Hovered over Accessories menu
2026-05-09 01:02:37 [main] INFO  AutomationLogger - Clicked: By.cssSelector: a[href*='accessories/shoes']
2026-05-09 01:02:37 [main] INFO  AutomationLogger - Clicked Shoes from Accessories submenu
2026-05-09 01:02:41 [main] INFO  AutomationLogger - Selected 'Price' from: By.cssSelector: div.sort-by select
2026-05-09 01:02:41 [main] INFO  AutomationLogger - Sorted by Price low to high
2026-05-09 01:02:41 [main] INFO  AutomationLogger - Product prices found: [210.0, 310.0, 375.0, 390.0, 410.0, 470.0]
2026-05-09 01:02:42 [main] INFO  AutomationLogger - Found product: DORIAN PERFORATED OXFORD — clicking View Details
2026-05-09 01:02:42 [main] INFO  AutomationLogger - Scrolled to element: [[ChromeDriver: chrome on windows (0d584f4d0542f19c25bc70218d94a63d)] -> css selector: ul.products-grid li.item div.actions a.button]
2026-05-09 01:02:42 [main] INFO  AutomationLogger - JS Clicked element: [[ChromeDriver: chrome on windows (0d584f4d0542f19c25bc70218d94a63d)] -> css selector: ul.products-grid li.item div.actions a.button]
2026-05-09 01:02:42 [main] INFO  AutomationLogger - Navigated to product details page
2026-05-09 01:03:04 [main] WARN  AutomationLogger - Retrying test [tc01_addDorianShoesToCart] - Attempt: 1
2026-05-09 01:03:04 [main] WARN  AutomationLogger - ⏭️ TEST SKIPPED: tc01_addDorianShoesToCart
2026-05-09 01:03:04 [main] WARN  AutomationLogger - ⏭️ SKIPPED: tc01_addDorianShoesToCart
2026-05-09 01:03:05 [main] INFO  AutomationLogger - Browser closed after: tc01_addDorianShoesToCart
2026-05-09 01:03:08 [main] INFO  AutomationLogger - Browser launched: chrome | URL: https://ecommerce.tealiumdemo.com
2026-05-09 01:03:09 [main] INFO  AutomationLogger - Clicked: By.cssSelector: input#privacy_pref_optin
2026-05-09 01:03:09 [main] INFO  AutomationLogger - Consent modal detected — selected Opt-In
2026-05-09 01:03:09 [main] INFO  AutomationLogger - Clicked: By.cssSelector: div#consent_prompt_submit
2026-05-09 01:03:09 [main] INFO  AutomationLogger - Consent modal dismissed successfully
2026-05-09 01:03:09 [main] INFO  AutomationLogger - ▶️ TEST STARTED: tc01_addDorianShoesToCart
2026-05-09 01:03:09 [main] INFO  AutomationLogger - Test data loaded: [existingUser] from [testdata/users.json]
2026-05-09 01:03:09 [main] INFO  AutomationLogger - Clicked: By.cssSelector: a.skip-account
2026-05-09 01:03:09 [main] INFO  AutomationLogger - Opened account dropdown
2026-05-09 01:03:10 [main] INFO  AutomationLogger - Clicked: By.cssSelector: #header-account a[href*='account/login']
2026-05-09 01:03:10 [main] INFO  AutomationLogger - Clicked Log In from header
2026-05-09 01:03:12 [main] INFO  AutomationLogger - Typed 'o.khaledomar98@gmail.com' into: By.id: email
2026-05-09 01:03:12 [main] INFO  AutomationLogger - Entered email: o.khaledomar98@gmail.com
2026-05-09 01:03:12 [main] INFO  AutomationLogger - Typed '1234567' into: By.id: pass
2026-05-09 01:03:12 [main] INFO  AutomationLogger - Entered password
2026-05-09 01:03:12 [main] INFO  AutomationLogger - Scrolled to: By.id: send2
2026-05-09 01:03:13 [main] INFO  AutomationLogger - JS Clicked: By.id: send2
2026-05-09 01:03:13 [main] INFO  AutomationLogger - Clicked Login button
2026-05-09 01:03:13 [main] INFO  AutomationLogger - Login submitted — transitioning to Account Dashboard
2026-05-09 01:03:13 [main] INFO  AutomationLogger - Account dashboard loaded successfully
2026-05-09 01:03:14 [main] INFO  AutomationLogger - Hovered over: By.cssSelector: li.nav-3 > a
2026-05-09 01:03:14 [main] INFO  AutomationLogger - Hovered over Accessories menu
2026-05-09 01:03:14 [main] INFO  AutomationLogger - Clicked: By.cssSelector: a[href*='accessories/shoes']
2026-05-09 01:03:14 [main] INFO  AutomationLogger - Clicked Shoes from Accessories submenu
2026-05-09 01:03:17 [main] INFO  AutomationLogger - Selected 'Price' from: By.cssSelector: div.sort-by select
2026-05-09 01:03:17 [main] INFO  AutomationLogger - Sorted by Price low to high
2026-05-09 01:03:17 [main] INFO  AutomationLogger - Product prices found: [210.0, 310.0, 375.0, 390.0, 410.0, 470.0]
2026-05-09 01:03:17 [main] INFO  AutomationLogger - Found product: DORIAN PERFORATED OXFORD — clicking View Details
2026-05-09 01:03:17 [main] INFO  AutomationLogger - Scrolled to element: [[ChromeDriver: chrome on windows (41203f955304f193c70744093eeba94d)] -> css selector: ul.products-grid li.item div.actions a.button]
2026-05-09 01:03:17 [main] INFO  AutomationLogger - JS Clicked element: [[ChromeDriver: chrome on windows (41203f955304f193c70744093eeba94d)] -> css selector: ul.products-grid li.item div.actions a.button]
2026-05-09 01:03:17 [main] INFO  AutomationLogger - Navigated to product details page
2026-05-09 01:03:38 [main] WARN  AutomationLogger - Retrying test [tc01_addDorianShoesToCart] - Attempt: 2
2026-05-09 01:03:38 [main] WARN  AutomationLogger - ⏭️ TEST SKIPPED: tc01_addDorianShoesToCart
2026-05-09 01:03:38 [main] WARN  AutomationLogger - ⏭️ SKIPPED: tc01_addDorianShoesToCart
2026-05-09 01:03:39 [main] INFO  AutomationLogger - Browser closed after: tc01_addDorianShoesToCart
2026-05-09 01:03:43 [main] INFO  AutomationLogger - Browser launched: chrome | URL: https://ecommerce.tealiumdemo.com
2026-05-09 01:03:43 [main] INFO  AutomationLogger - Clicked: By.cssSelector: input#privacy_pref_optin
2026-05-09 01:03:43 [main] INFO  AutomationLogger - Consent modal detected — selected Opt-In
2026-05-09 01:03:43 [main] INFO  AutomationLogger - Clicked: By.cssSelector: div#consent_prompt_submit
2026-05-09 01:03:43 [main] INFO  AutomationLogger - Consent modal dismissed successfully
2026-05-09 01:03:43 [main] INFO  AutomationLogger - ▶️ TEST STARTED: tc01_addDorianShoesToCart
2026-05-09 01:03:43 [main] INFO  AutomationLogger - Test data loaded: [existingUser] from [testdata/users.json]
2026-05-09 01:03:43 [main] INFO  AutomationLogger - Clicked: By.cssSelector: a.skip-account
2026-05-09 01:03:43 [main] INFO  AutomationLogger - Opened account dropdown
2026-05-09 01:03:44 [main] INFO  AutomationLogger - Clicked: By.cssSelector: #header-account a[href*='account/login']
2026-05-09 01:03:44 [main] INFO  AutomationLogger - Clicked Log In from header
2026-05-09 01:03:45 [main] INFO  AutomationLogger - Typed 'o.khaledomar98@gmail.com' into: By.id: email
2026-05-09 01:03:45 [main] INFO  AutomationLogger - Entered email: o.khaledomar98@gmail.com
2026-05-09 01:03:46 [main] INFO  AutomationLogger - Typed '1234567' into: By.id: pass
2026-05-09 01:03:46 [main] INFO  AutomationLogger - Entered password
2026-05-09 01:03:46 [main] INFO  AutomationLogger - Scrolled to: By.id: send2
2026-05-09 01:03:47 [main] INFO  AutomationLogger - JS Clicked: By.id: send2
2026-05-09 01:03:47 [main] INFO  AutomationLogger - Clicked Login button
2026-05-09 01:03:47 [main] INFO  AutomationLogger - Login submitted — transitioning to Account Dashboard
2026-05-09 01:03:47 [main] INFO  AutomationLogger - Account dashboard loaded successfully
2026-05-09 01:03:47 [main] INFO  AutomationLogger - Hovered over: By.cssSelector: li.nav-3 > a
2026-05-09 01:03:47 [main] INFO  AutomationLogger - Hovered over Accessories menu
2026-05-09 01:03:48 [main] INFO  AutomationLogger - Clicked: By.cssSelector: a[href*='accessories/shoes']
2026-05-09 01:03:48 [main] INFO  AutomationLogger - Clicked Shoes from Accessories submenu
2026-05-09 01:03:50 [main] INFO  AutomationLogger - Selected 'Price' from: By.cssSelector: div.sort-by select
2026-05-09 01:03:50 [main] INFO  AutomationLogger - Sorted by Price low to high
2026-05-09 01:03:51 [main] INFO  AutomationLogger - Product prices found: [210.0, 310.0, 375.0, 390.0, 410.0, 470.0]
2026-05-09 01:03:51 [main] INFO  AutomationLogger - Found product: DORIAN PERFORATED OXFORD — clicking View Details
2026-05-09 01:03:51 [main] INFO  AutomationLogger - Scrolled to element: [[ChromeDriver: chrome on windows (6ba477fae306cd432f0f22322c36c56e)] -> css selector: ul.products-grid li.item div.actions a.button]
2026-05-09 01:03:51 [main] INFO  AutomationLogger - JS Clicked element: [[ChromeDriver: chrome on windows (6ba477fae306cd432f0f22322c36c56e)] -> css selector: ul.products-grid li.item div.actions a.button]
2026-05-09 01:03:51 [main] INFO  AutomationLogger - Navigated to product details page
2026-05-09 01:04:12 [main] ERROR AutomationLogger - ❌ TEST FAILED: tc01_addDorianShoesToCart
java.lang.AssertionError: Step 5 FAILED — Should be redirected to product details page expected [true] but found [false]
	at org.testng.Assert.fail(Assert.java:111) ~[testng-7.10.2.jar:7.10.2]
	at org.testng.Assert.failNotEquals(Assert.java:1578) ~[testng-7.10.2.jar:7.10.2]
	at org.testng.Assert.assertTrue(Assert.java:57) ~[testng-7.10.2.jar:7.10.2]
	at com.axis.automation.tests.cart.AddToCartTests.tc01_addDorianShoesToCart(AddToCartTests.java:72) ~[test-classes/:?]
	at java.base/jdk.internal.reflect.NativeMethodAccessorImpl.invoke0(Native Method) ~[?:?]
	at java.base/jdk.internal.reflect.NativeMethodAccessorImpl.invoke(NativeMethodAccessorImpl.java:77) ~[?:?]
	at java.base/jdk.internal.reflect.DelegatingMethodAccessorImpl.invoke(DelegatingMethodAccessorImpl.java:43) ~[?:?]
	at java.base/java.lang.reflect.Method.invoke(Method.java:568) ~[?:?]
	at org.testng.internal.invokers.MethodInvocationHelper.invokeMethod(MethodInvocationHelper.java:141) ~[testng-7.10.2.jar:7.10.2]
	at org.testng.internal.invokers.TestInvoker.invokeMethod(TestInvoker.java:686) ~[testng-7.10.2.jar:7.10.2]
	at org.testng.internal.invokers.TestInvoker.retryFailed(TestInvoker.java:269) ~[testng-7.10.2.jar:7.10.2]
	at org.testng.internal.invokers.MethodRunner.runInSequence(MethodRunner.java:76) ~[testng-7.10.2.jar:7.10.2]
	at org.testng.internal.invokers.TestInvoker$MethodInvocationAgent.invoke(TestInvoker.java:992) ~[testng-7.10.2.jar:7.10.2]
	at org.testng.internal.invokers.TestInvoker.invokeTestMethods(TestInvoker.java:203) ~[testng-7.10.2.jar:7.10.2]
	at org.testng.internal.invokers.TestMethodWorker.invokeTestMethods(TestMethodWorker.java:154) ~[testng-7.10.2.jar:7.10.2]
	at org.testng.internal.invokers.TestMethodWorker.run(TestMethodWorker.java:134) ~[testng-7.10.2.jar:7.10.2]
	at java.base/java.util.ArrayList.forEach(ArrayList.java:1511) [?:?]
	at org.testng.TestRunner.privateRun(TestRunner.java:739) [testng-7.10.2.jar:7.10.2]
	at org.testng.TestRunner.run(TestRunner.java:614) [testng-7.10.2.jar:7.10.2]
	at org.testng.SuiteRunner.runTest(SuiteRunner.java:421) [testng-7.10.2.jar:7.10.2]
	at org.testng.SuiteRunner.runSequentially(SuiteRunner.java:413) [testng-7.10.2.jar:7.10.2]
	at org.testng.SuiteRunner.privateRun(SuiteRunner.java:373) [testng-7.10.2.jar:7.10.2]
	at org.testng.SuiteRunner.run(SuiteRunner.java:312) [testng-7.10.2.jar:7.10.2]
	at org.testng.SuiteRunnerWorker.runSuite(SuiteRunnerWorker.java:52) [testng-7.10.2.jar:7.10.2]
	at org.testng.SuiteRunnerWorker.run(SuiteRunnerWorker.java:95) [testng-7.10.2.jar:7.10.2]
	at org.testng.TestNG.runSuitesSequentially(TestNG.java:1274) [testng-7.10.2.jar:7.10.2]
	at org.testng.TestNG.runSuitesLocally(TestNG.java:1208) [testng-7.10.2.jar:7.10.2]
	at org.testng.TestNG.runSuites(TestNG.java:1112) [testng-7.10.2.jar:7.10.2]
	at org.testng.TestNG.run(TestNG.java:1079) [testng-7.10.2.jar:7.10.2]
	at com.intellij.rt.testng.IDEARemoteTestNG.run(IDEARemoteTestNG.java:66) [testng-rt.jar:?]
	at com.intellij.rt.testng.RemoteTestNGStarter.main(RemoteTestNGStarter.java:105) [testng-rt.jar:?]
2026-05-09 01:04:12 [main] INFO  AutomationLogger - Screenshot captured: FAILED - tc01_addDorianShoesToCart
2026-05-09 01:04:12 [main] ERROR AutomationLogger - ❌ FAILED: tc01_addDorianShoesToCart
java.lang.AssertionError: Step 5 FAILED — Should be redirected to product details page expected [true] but found [false]
	at org.testng.Assert.fail(Assert.java:111) ~[testng-7.10.2.jar:7.10.2]
	at org.testng.Assert.failNotEquals(Assert.java:1578) ~[testng-7.10.2.jar:7.10.2]
	at org.testng.Assert.assertTrue(Assert.java:57) ~[testng-7.10.2.jar:7.10.2]
	at com.axis.automation.tests.cart.AddToCartTests.tc01_addDorianShoesToCart(AddToCartTests.java:72) ~[test-classes/:?]
	at java.base/jdk.internal.reflect.NativeMethodAccessorImpl.invoke0(Native Method) ~[?:?]
	at java.base/jdk.internal.reflect.NativeMethodAccessorImpl.invoke(NativeMethodAccessorImpl.java:77) ~[?:?]
	at java.base/jdk.internal.reflect.DelegatingMethodAccessorImpl.invoke(DelegatingMethodAccessorImpl.java:43) ~[?:?]
	at java.base/java.lang.reflect.Method.invoke(Method.java:568) ~[?:?]
	at org.testng.internal.invokers.MethodInvocationHelper.invokeMethod(MethodInvocationHelper.java:141) ~[testng-7.10.2.jar:7.10.2]
	at org.testng.internal.invokers.TestInvoker.invokeMethod(TestInvoker.java:686) ~[testng-7.10.2.jar:7.10.2]
	at org.testng.internal.invokers.TestInvoker.retryFailed(TestInvoker.java:269) ~[testng-7.10.2.jar:7.10.2]
	at org.testng.internal.invokers.MethodRunner.runInSequence(MethodRunner.java:76) ~[testng-7.10.2.jar:7.10.2]
	at org.testng.internal.invokers.TestInvoker$MethodInvocationAgent.invoke(TestInvoker.java:992) ~[testng-7.10.2.jar:7.10.2]
	at org.testng.internal.invokers.TestInvoker.invokeTestMethods(TestInvoker.java:203) ~[testng-7.10.2.jar:7.10.2]
	at org.testng.internal.invokers.TestMethodWorker.invokeTestMethods(TestMethodWorker.java:154) ~[testng-7.10.2.jar:7.10.2]
	at org.testng.internal.invokers.TestMethodWorker.run(TestMethodWorker.java:134) ~[testng-7.10.2.jar:7.10.2]
	at java.base/java.util.ArrayList.forEach(ArrayList.java:1511) [?:?]
	at org.testng.TestRunner.privateRun(TestRunner.java:739) [testng-7.10.2.jar:7.10.2]
	at org.testng.TestRunner.run(TestRunner.java:614) [testng-7.10.2.jar:7.10.2]
	at org.testng.SuiteRunner.runTest(SuiteRunner.java:421) [testng-7.10.2.jar:7.10.2]
	at org.testng.SuiteRunner.runSequentially(SuiteRunner.java:413) [testng-7.10.2.jar:7.10.2]
	at org.testng.SuiteRunner.privateRun(SuiteRunner.java:373) [testng-7.10.2.jar:7.10.2]
	at org.testng.SuiteRunner.run(SuiteRunner.java:312) [testng-7.10.2.jar:7.10.2]
	at org.testng.SuiteRunnerWorker.runSuite(SuiteRunnerWorker.java:52) [testng-7.10.2.jar:7.10.2]
	at org.testng.SuiteRunnerWorker.run(SuiteRunnerWorker.java:95) [testng-7.10.2.jar:7.10.2]
	at org.testng.TestNG.runSuitesSequentially(TestNG.java:1274) [testng-7.10.2.jar:7.10.2]
	at org.testng.TestNG.runSuitesLocally(TestNG.java:1208) [testng-7.10.2.jar:7.10.2]
	at org.testng.TestNG.runSuites(TestNG.java:1112) [testng-7.10.2.jar:7.10.2]
	at org.testng.TestNG.run(TestNG.java:1079) [testng-7.10.2.jar:7.10.2]
	at com.intellij.rt.testng.IDEARemoteTestNG.run(IDEARemoteTestNG.java:66) [testng-rt.jar:?]
	at com.intellij.rt.testng.RemoteTestNGStarter.main(RemoteTestNGStarter.java:105) [testng-rt.jar:?]
2026-05-09 01:04:13 [main] INFO  AutomationLogger - Browser closed after: tc01_addDorianShoesToCart
2026-05-09 01:06:31 [main] INFO  AutomationLogger - Browser launched: chrome | URL: https://ecommerce.tealiumdemo.com
2026-05-09 01:06:32 [main] INFO  AutomationLogger - Clicked: By.cssSelector: input#privacy_pref_optin
2026-05-09 01:06:32 [main] INFO  AutomationLogger - Consent modal detected — selected Opt-In
2026-05-09 01:06:32 [main] INFO  AutomationLogger - Clicked: By.cssSelector: div#consent_prompt_submit
2026-05-09 01:06:32 [main] INFO  AutomationLogger - Consent modal dismissed successfully
2026-05-09 01:06:32 [main] INFO  AutomationLogger - ▶️ TEST STARTED: tc01_addDorianShoesToCart
2026-05-09 01:06:33 [main] INFO  AutomationLogger - Test data loaded: [existingUser] from [testdata/users.json]
2026-05-09 01:06:34 [main] INFO  AutomationLogger - Clicked: By.cssSelector: a.skip-account
2026-05-09 01:06:34 [main] INFO  AutomationLogger - Opened account dropdown
2026-05-09 01:06:34 [main] INFO  AutomationLogger - Clicked: By.cssSelector: #header-account a[href*='account/login']
2026-05-09 01:06:34 [main] INFO  AutomationLogger - Clicked Log In from header
2026-05-09 01:06:36 [main] INFO  AutomationLogger - Typed 'o.khaledomar98@gmail.com' into: By.id: email
2026-05-09 01:06:36 [main] INFO  AutomationLogger - Entered email: o.khaledomar98@gmail.com
2026-05-09 01:06:36 [main] INFO  AutomationLogger - Typed '1234567' into: By.id: pass
2026-05-09 01:06:36 [main] INFO  AutomationLogger - Entered password
2026-05-09 01:06:36 [main] INFO  AutomationLogger - Scrolled to: By.id: send2
2026-05-09 01:06:38 [main] INFO  AutomationLogger - JS Clicked: By.id: send2
2026-05-09 01:06:38 [main] INFO  AutomationLogger - Clicked Login button
2026-05-09 01:06:38 [main] INFO  AutomationLogger - Login submitted — transitioning to Account Dashboard
2026-05-09 01:06:38 [main] INFO  AutomationLogger - Account dashboard loaded successfully
2026-05-09 01:06:38 [main] INFO  AutomationLogger - Hovered over: By.cssSelector: li.nav-3 > a
2026-05-09 01:06:38 [main] INFO  AutomationLogger - Hovered over Accessories menu
2026-05-09 01:06:38 [main] INFO  AutomationLogger - Clicked: By.cssSelector: a[href*='accessories/shoes']
2026-05-09 01:06:38 [main] INFO  AutomationLogger - Clicked Shoes from Accessories submenu
2026-05-09 01:06:43 [main] INFO  AutomationLogger - Selected 'Price' from: By.cssSelector: div.sort-by select
2026-05-09 01:06:43 [main] INFO  AutomationLogger - Sorted by Price low to high
2026-05-09 01:06:43 [main] INFO  AutomationLogger - Product prices found: [210.0, 310.0, 375.0, 390.0, 410.0, 470.0]
2026-05-09 01:06:44 [main] INFO  AutomationLogger - Found product: DORIAN PERFORATED OXFORD — clicking View Details
2026-05-09 01:06:44 [main] INFO  AutomationLogger - Scrolled to element: [[ChromeDriver: chrome on windows (80f1ede79c01ecc051442532d179aba7)] -> css selector: ul.products-grid li.item div.actions a.button]
2026-05-09 01:06:44 [main] INFO  AutomationLogger - JS Clicked element: [[ChromeDriver: chrome on windows (80f1ede79c01ecc051442532d179aba7)] -> css selector: ul.products-grid li.item div.actions a.button]
2026-05-09 01:06:44 [main] INFO  AutomationLogger - Navigated to product details page
2026-05-09 01:07:04 [main] WARN  AutomationLogger - Retrying test [tc01_addDorianShoesToCart] - Attempt: 1
2026-05-09 01:07:04 [main] WARN  AutomationLogger - ⏭️ TEST SKIPPED: tc01_addDorianShoesToCart
2026-05-09 01:07:04 [main] WARN  AutomationLogger - ⏭️ SKIPPED: tc01_addDorianShoesToCart
2026-05-09 01:07:04 [main] INFO  AutomationLogger - Browser closed after: tc01_addDorianShoesToCart
2026-05-09 01:07:09 [main] INFO  AutomationLogger - Browser launched: chrome | URL: https://ecommerce.tealiumdemo.com
2026-05-09 01:07:09 [main] INFO  AutomationLogger - Clicked: By.cssSelector: input#privacy_pref_optin
2026-05-09 01:07:09 [main] INFO  AutomationLogger - Consent modal detected — selected Opt-In
2026-05-09 01:07:19 [main] INFO  AutomationLogger - Consent modal not present — continuing normally
2026-05-09 01:07:19 [main] INFO  AutomationLogger - ▶️ TEST STARTED: tc01_addDorianShoesToCart
2026-05-09 01:07:19 [main] INFO  AutomationLogger - Test data loaded: [existingUser] from [testdata/users.json]
2026-05-09 01:07:29 [main] WARN  AutomationLogger - Retrying test [tc01_addDorianShoesToCart] - Attempt: 2
2026-05-09 01:07:29 [main] WARN  AutomationLogger - ⏭️ TEST SKIPPED: tc01_addDorianShoesToCart
2026-05-09 01:07:29 [main] WARN  AutomationLogger - ⏭️ SKIPPED: tc01_addDorianShoesToCart
2026-05-09 01:07:29 [main] INFO  AutomationLogger - Browser closed after: tc01_addDorianShoesToCart
2026-05-09 01:07:32 [main] INFO  AutomationLogger - Browser launched: chrome | URL: https://ecommerce.tealiumdemo.com
2026-05-09 01:07:37 [main] INFO  AutomationLogger - Consent modal not present — continuing normally
2026-05-09 01:07:37 [main] INFO  AutomationLogger - ▶️ TEST STARTED: tc01_addDorianShoesToCart
2026-05-09 01:07:37 [main] INFO  AutomationLogger - Test data loaded: [existingUser] from [testdata/users.json]
2026-05-09 01:07:47 [main] ERROR AutomationLogger - ❌ TEST FAILED: tc01_addDorianShoesToCart
org.openqa.selenium.TimeoutException: Expected condition failed: waiting for element to be clickable: By.cssSelector: a.skip-account (tried for 10 second(s) with 500 milliseconds interval)
	at org.openqa.selenium.support.ui.WebDriverWait.timeoutException(WebDriverWait.java:84) ~[selenium-support-4.21.0.jar:?]
	at org.openqa.selenium.support.ui.FluentWait.until(FluentWait.java:228) ~[selenium-support-4.21.0.jar:?]
	at com.axis.automation.core.BasePage.click(BasePage.java:65) ~[classes/:?]
	at com.axis.automation.components.HeaderComponent.clickLogin(HeaderComponent.java:49) ~[classes/:?]
	at com.axis.automation.tests.cart.AddToCartTests.tc01_addDorianShoesToCart(AddToCartTests.java:38) ~[test-classes/:?]
	at java.base/jdk.internal.reflect.NativeMethodAccessorImpl.invoke0(Native Method) ~[?:?]
	at java.base/jdk.internal.reflect.NativeMethodAccessorImpl.invoke(NativeMethodAccessorImpl.java:77) ~[?:?]
	at java.base/jdk.internal.reflect.DelegatingMethodAccessorImpl.invoke(DelegatingMethodAccessorImpl.java:43) ~[?:?]
	at java.base/java.lang.reflect.Method.invoke(Method.java:568) ~[?:?]
	at org.testng.internal.invokers.MethodInvocationHelper.invokeMethod(MethodInvocationHelper.java:141) ~[testng-7.10.2.jar:7.10.2]
	at org.testng.internal.invokers.TestInvoker.invokeMethod(TestInvoker.java:686) ~[testng-7.10.2.jar:7.10.2]
	at org.testng.internal.invokers.TestInvoker.retryFailed(TestInvoker.java:269) ~[testng-7.10.2.jar:7.10.2]
	at org.testng.internal.invokers.MethodRunner.runInSequence(MethodRunner.java:76) ~[testng-7.10.2.jar:7.10.2]
	at org.testng.internal.invokers.TestInvoker$MethodInvocationAgent.invoke(TestInvoker.java:992) ~[testng-7.10.2.jar:7.10.2]
	at org.testng.internal.invokers.TestInvoker.invokeTestMethods(TestInvoker.java:203) ~[testng-7.10.2.jar:7.10.2]
	at org.testng.internal.invokers.TestMethodWorker.invokeTestMethods(TestMethodWorker.java:154) ~[testng-7.10.2.jar:7.10.2]
	at org.testng.internal.invokers.TestMethodWorker.run(TestMethodWorker.java:134) ~[testng-7.10.2.jar:7.10.2]
	at java.base/java.util.ArrayList.forEach(ArrayList.java:1511) [?:?]
	at org.testng.TestRunner.privateRun(TestRunner.java:739) [testng-7.10.2.jar:7.10.2]
	at org.testng.TestRunner.run(TestRunner.java:614) [testng-7.10.2.jar:7.10.2]
	at org.testng.SuiteRunner.runTest(SuiteRunner.java:421) [testng-7.10.2.jar:7.10.2]
	at org.testng.SuiteRunner.runSequentially(SuiteRunner.java:413) [testng-7.10.2.jar:7.10.2]
	at org.testng.SuiteRunner.privateRun(SuiteRunner.java:373) [testng-7.10.2.jar:7.10.2]
	at org.testng.SuiteRunner.run(SuiteRunner.java:312) [testng-7.10.2.jar:7.10.2]
	at org.testng.SuiteRunnerWorker.runSuite(SuiteRunnerWorker.java:52) [testng-7.10.2.jar:7.10.2]
	at org.testng.SuiteRunnerWorker.run(SuiteRunnerWorker.java:95) [testng-7.10.2.jar:7.10.2]
	at org.testng.TestNG.runSuitesSequentially(TestNG.java:1274) [testng-7.10.2.jar:7.10.2]
	at org.testng.TestNG.runSuitesLocally(TestNG.java:1208) [testng-7.10.2.jar:7.10.2]
	at org.testng.TestNG.runSuites(TestNG.java:1112) [testng-7.10.2.jar:7.10.2]
	at org.testng.TestNG.run(TestNG.java:1079) [testng-7.10.2.jar:7.10.2]
	at com.intellij.rt.testng.IDEARemoteTestNG.run(IDEARemoteTestNG.java:66) [testng-rt.jar:?]
	at com.intellij.rt.testng.RemoteTestNGStarter.main(RemoteTestNGStarter.java:105) [testng-rt.jar:?]
Caused by: org.openqa.selenium.NoSuchWindowException: no such window: target window already closed
from unknown error: web view not found
  (Session info: chrome=147.0.7727.138)
Build info: version: '4.21.0', revision: '79ed462ef4'
System info: os.name: 'Windows 11', os.arch: 'amd64', os.version: '10.0', java.version: '17.0.8'
Driver info: org.openqa.selenium.chrome.ChromeDriver
Command: [7749962c0e58c25ce1d2dff5bb30e7e2, findElement {value=a.skip-account, using=css selector}]
Capabilities {acceptInsecureCerts: false, browserName: chrome, browserVersion: 147.0.7727.138, chrome: {chromedriverVersion: 147.0.7727.117 (474cc805edd..., userDataDir: C:\Users\OMARKH~1\AppData\L...}, fedcm:accounts: true, goog:chromeOptions: {debuggerAddress: localhost:55406}, goog:processID: 2996, networkConnectionEnabled: false, pageLoadStrategy: normal, platformName: windows, proxy: Proxy(), se:cdp: ws://localhost:55406/devtoo..., se:cdpVersion: 147.0.7727.138, setWindowRect: true, strictFileInteractability: false, timeouts: {implicit: 0, pageLoad: 300000, script: 30000}, unhandledPromptBehavior: dismiss and notify, webauthn:extension:credBlob: true, webauthn:extension:largeBlob: true, webauthn:extension:minPinLength: true, webauthn:extension:prf: true, webauthn:virtualAuthenticators: true}
Session ID: 7749962c0e58c25ce1d2dff5bb30e7e2
	at jdk.internal.reflect.GeneratedConstructorAccessor19.newInstance(Unknown Source) ~[?:?]
	at java.base/jdk.internal.reflect.DelegatingConstructorAccessorImpl.newInstance(DelegatingConstructorAccessorImpl.java:45) ~[?:?]
	at java.base/java.lang.reflect.Constructor.newInstanceWithCaller(Constructor.java:499) ~[?:?]
	at java.base/java.lang.reflect.Constructor.newInstance(Constructor.java:480) ~[?:?]
	at org.openqa.selenium.remote.ErrorCodec.decode(ErrorCodec.java:167) ~[selenium-remote-driver-4.21.0.jar:?]
	at org.openqa.selenium.remote.codec.w3c.W3CHttpResponseCodec.decode(W3CHttpResponseCodec.java:138) ~[selenium-remote-driver-4.21.0.jar:?]
	at org.openqa.selenium.remote.codec.w3c.W3CHttpResponseCodec.decode(W3CHttpResponseCodec.java:50) ~[selenium-remote-driver-4.21.0.jar:?]
	at org.openqa.selenium.remote.HttpCommandExecutor.execute(HttpCommandExecutor.java:190) ~[selenium-remote-driver-4.21.0.jar:?]
	at org.openqa.selenium.remote.service.DriverCommandExecutor.invokeExecute(DriverCommandExecutor.java:216) ~[selenium-remote-driver-4.21.0.jar:?]
	at org.openqa.selenium.remote.service.DriverCommandExecutor.execute(DriverCommandExecutor.java:174) ~[selenium-remote-driver-4.21.0.jar:?]
	at org.openqa.selenium.remote.RemoteWebDriver.execute(RemoteWebDriver.java:518) ~[selenium-remote-driver-4.21.0.jar:?]
	at org.openqa.selenium.remote.ElementLocation$ElementFinder$2.findElement(ElementLocation.java:165) ~[selenium-remote-driver-4.21.0.jar:?]
	at org.openqa.selenium.remote.ElementLocation.findElement(ElementLocation.java:59) ~[selenium-remote-driver-4.21.0.jar:?]
	at org.openqa.selenium.remote.RemoteWebDriver.findElement(RemoteWebDriver.java:355) ~[selenium-remote-driver-4.21.0.jar:?]
	at org.openqa.selenium.remote.RemoteWebDriver.findElement(RemoteWebDriver.java:349) ~[selenium-remote-driver-4.21.0.jar:?]
	at org.openqa.selenium.support.ui.ExpectedConditions$7.apply(ExpectedConditions.java:194) ~[selenium-support-4.21.0.jar:?]
	at org.openqa.selenium.support.ui.ExpectedConditions$7.apply(ExpectedConditions.java:190) ~[selenium-support-4.21.0.jar:?]
	at org.openqa.selenium.support.ui.ExpectedConditions$22.apply(ExpectedConditions.java:627) ~[selenium-support-4.21.0.jar:?]
	at org.openqa.selenium.support.ui.ExpectedConditions$22.apply(ExpectedConditions.java:624) ~[selenium-support-4.21.0.jar:?]
	at org.openqa.selenium.support.ui.FluentWait.until(FluentWait.java:203) ~[selenium-support-4.21.0.jar:?]
	... 30 more
2026-05-09 01:07:47 [main] ERROR AutomationLogger - Failed to capture screenshot: FAILED - tc01_addDorianShoesToCart
org.openqa.selenium.NoSuchWindowException: no such window: target window already closed
from unknown error: web view not found
  (Session info: chrome=147.0.7727.138)
Build info: version: '4.21.0', revision: '79ed462ef4'
System info: os.name: 'Windows 11', os.arch: 'amd64', os.version: '10.0', java.version: '17.0.8'
Driver info: org.openqa.selenium.chrome.ChromeDriver
Command: [7749962c0e58c25ce1d2dff5bb30e7e2, screenshot {}]
Capabilities {acceptInsecureCerts: false, browserName: chrome, browserVersion: 147.0.7727.138, chrome: {chromedriverVersion: 147.0.7727.117 (474cc805edd..., userDataDir: C:\Users\OMARKH~1\AppData\L...}, fedcm:accounts: true, goog:chromeOptions: {debuggerAddress: localhost:55406}, goog:processID: 2996, networkConnectionEnabled: false, pageLoadStrategy: normal, platformName: windows, proxy: Proxy(), se:cdp: ws://localhost:55406/devtoo..., se:cdpVersion: 147.0.7727.138, setWindowRect: true, strictFileInteractability: false, timeouts: {implicit: 0, pageLoad: 300000, script: 30000}, unhandledPromptBehavior: dismiss and notify, webauthn:extension:credBlob: true, webauthn:extension:largeBlob: true, webauthn:extension:minPinLength: true, webauthn:extension:prf: true, webauthn:virtualAuthenticators: true}
Session ID: 7749962c0e58c25ce1d2dff5bb30e7e2
	at jdk.internal.reflect.GeneratedConstructorAccessor19.newInstance(Unknown Source) ~[?:?]
	at java.base/jdk.internal.reflect.DelegatingConstructorAccessorImpl.newInstance(DelegatingConstructorAccessorImpl.java:45) ~[?:?]
	at java.base/java.lang.reflect.Constructor.newInstanceWithCaller(Constructor.java:499) ~[?:?]
	at java.base/java.lang.reflect.Constructor.newInstance(Constructor.java:480) ~[?:?]
	at org.openqa.selenium.remote.ErrorCodec.decode(ErrorCodec.java:167) ~[selenium-remote-driver-4.21.0.jar:?]
	at org.openqa.selenium.remote.codec.w3c.W3CHttpResponseCodec.decode(W3CHttpResponseCodec.java:138) ~[selenium-remote-driver-4.21.0.jar:?]
	at org.openqa.selenium.remote.codec.w3c.W3CHttpResponseCodec.decode(W3CHttpResponseCodec.java:50) ~[selenium-remote-driver-4.21.0.jar:?]
	at org.openqa.selenium.remote.HttpCommandExecutor.execute(HttpCommandExecutor.java:190) ~[selenium-remote-driver-4.21.0.jar:?]
	at org.openqa.selenium.remote.service.DriverCommandExecutor.invokeExecute(DriverCommandExecutor.java:216) ~[selenium-remote-driver-4.21.0.jar:?]
	at org.openqa.selenium.remote.service.DriverCommandExecutor.execute(DriverCommandExecutor.java:174) ~[selenium-remote-driver-4.21.0.jar:?]
	at org.openqa.selenium.remote.RemoteWebDriver.execute(RemoteWebDriver.java:518) ~[selenium-remote-driver-4.21.0.jar:?]
	at org.openqa.selenium.remote.RemoteWebDriver.execute(RemoteWebDriver.java:591) ~[selenium-remote-driver-4.21.0.jar:?]
	at org.openqa.selenium.remote.RemoteWebDriver.execute(RemoteWebDriver.java:595) ~[selenium-remote-driver-4.21.0.jar:?]
	at org.openqa.selenium.remote.RemoteWebDriver.getScreenshotAs(RemoteWebDriver.java:321) ~[selenium-remote-driver-4.21.0.jar:?]
	at com.axis.automation.utils.ScreenshotUtils.captureAndAttach(ScreenshotUtils.java:27) ~[classes/:?]
	at com.axis.automation.listeners.TestListener.onTestFailure(TestListener.java:29) ~[test-classes/:?]
	at org.testng.internal.TestListenerHelper.runTestListeners(TestListenerHelper.java:115) ~[testng-7.10.2.jar:7.10.2]
	at org.testng.internal.invokers.TestInvoker.runTestResultListener(TestInvoker.java:285) ~[testng-7.10.2.jar:7.10.2]
	at org.testng.internal.invokers.TestInvoker.invokeMethod(TestInvoker.java:774) ~[testng-7.10.2.jar:7.10.2]
	at org.testng.internal.invokers.TestInvoker.retryFailed(TestInvoker.java:269) ~[testng-7.10.2.jar:7.10.2]
	at org.testng.internal.invokers.MethodRunner.runInSequence(MethodRunner.java:76) ~[testng-7.10.2.jar:7.10.2]
	at org.testng.internal.invokers.TestInvoker$MethodInvocationAgent.invoke(TestInvoker.java:992) ~[testng-7.10.2.jar:7.10.2]
	at org.testng.internal.invokers.TestInvoker.invokeTestMethods(TestInvoker.java:203) ~[testng-7.10.2.jar:7.10.2]
	at org.testng.internal.invokers.TestMethodWorker.invokeTestMethods(TestMethodWorker.java:154) ~[testng-7.10.2.jar:7.10.2]
	at org.testng.internal.invokers.TestMethodWorker.run(TestMethodWorker.java:134) ~[testng-7.10.2.jar:7.10.2]
	at java.base/java.util.ArrayList.forEach(ArrayList.java:1511) [?:?]
	at org.testng.TestRunner.privateRun(TestRunner.java:739) [testng-7.10.2.jar:7.10.2]
	at org.testng.TestRunner.run(TestRunner.java:614) [testng-7.10.2.jar:7.10.2]
	at org.testng.SuiteRunner.runTest(SuiteRunner.java:421) [testng-7.10.2.jar:7.10.2]
	at org.testng.SuiteRunner.runSequentially(SuiteRunner.java:413) [testng-7.10.2.jar:7.10.2]
	at org.testng.SuiteRunner.privateRun(SuiteRunner.java:373) [testng-7.10.2.jar:7.10.2]
	at org.testng.SuiteRunner.run(SuiteRunner.java:312) [testng-7.10.2.jar:7.10.2]
	at org.testng.SuiteRunnerWorker.runSuite(SuiteRunnerWorker.java:52) [testng-7.10.2.jar:7.10.2]
	at org.testng.SuiteRunnerWorker.run(SuiteRunnerWorker.java:95) [testng-7.10.2.jar:7.10.2]
	at org.testng.TestNG.runSuitesSequentially(TestNG.java:1274) [testng-7.10.2.jar:7.10.2]
	at org.testng.TestNG.runSuitesLocally(TestNG.java:1208) [testng-7.10.2.jar:7.10.2]
	at org.testng.TestNG.runSuites(TestNG.java:1112) [testng-7.10.2.jar:7.10.2]
	at org.testng.TestNG.run(TestNG.java:1079) [testng-7.10.2.jar:7.10.2]
	at com.intellij.rt.testng.IDEARemoteTestNG.run(IDEARemoteTestNG.java:66) [testng-rt.jar:?]
	at com.intellij.rt.testng.RemoteTestNGStarter.main(RemoteTestNGStarter.java:105) [testng-rt.jar:?]
2026-05-09 01:07:47 [main] ERROR AutomationLogger - ❌ FAILED: tc01_addDorianShoesToCart
org.openqa.selenium.TimeoutException: Expected condition failed: waiting for element to be clickable: By.cssSelector: a.skip-account (tried for 10 second(s) with 500 milliseconds interval)
	at org.openqa.selenium.support.ui.WebDriverWait.timeoutException(WebDriverWait.java:84) ~[selenium-support-4.21.0.jar:?]
	at org.openqa.selenium.support.ui.FluentWait.until(FluentWait.java:228) ~[selenium-support-4.21.0.jar:?]
	at com.axis.automation.core.BasePage.click(BasePage.java:65) ~[classes/:?]
	at com.axis.automation.components.HeaderComponent.clickLogin(HeaderComponent.java:49) ~[classes/:?]
	at com.axis.automation.tests.cart.AddToCartTests.tc01_addDorianShoesToCart(AddToCartTests.java:38) ~[test-classes/:?]
	at java.base/jdk.internal.reflect.NativeMethodAccessorImpl.invoke0(Native Method) ~[?:?]
	at java.base/jdk.internal.reflect.NativeMethodAccessorImpl.invoke(NativeMethodAccessorImpl.java:77) ~[?:?]
	at java.base/jdk.internal.reflect.DelegatingMethodAccessorImpl.invoke(DelegatingMethodAccessorImpl.java:43) ~[?:?]
	at java.base/java.lang.reflect.Method.invoke(Method.java:568) ~[?:?]
	at org.testng.internal.invokers.MethodInvocationHelper.invokeMethod(MethodInvocationHelper.java:141) ~[testng-7.10.2.jar:7.10.2]
	at org.testng.internal.invokers.TestInvoker.invokeMethod(TestInvoker.java:686) ~[testng-7.10.2.jar:7.10.2]
	at org.testng.internal.invokers.TestInvoker.retryFailed(TestInvoker.java:269) ~[testng-7.10.2.jar:7.10.2]
	at org.testng.internal.invokers.MethodRunner.runInSequence(MethodRunner.java:76) ~[testng-7.10.2.jar:7.10.2]
	at org.testng.internal.invokers.TestInvoker$MethodInvocationAgent.invoke(TestInvoker.java:992) ~[testng-7.10.2.jar:7.10.2]
	at org.testng.internal.invokers.TestInvoker.invokeTestMethods(TestInvoker.java:203) ~[testng-7.10.2.jar:7.10.2]
	at org.testng.internal.invokers.TestMethodWorker.invokeTestMethods(TestMethodWorker.java:154) ~[testng-7.10.2.jar:7.10.2]
	at org.testng.internal.invokers.TestMethodWorker.run(TestMethodWorker.java:134) ~[testng-7.10.2.jar:7.10.2]
	at java.base/java.util.ArrayList.forEach(ArrayList.java:1511) [?:?]
	at org.testng.TestRunner.privateRun(TestRunner.java:739) [testng-7.10.2.jar:7.10.2]
	at org.testng.TestRunner.run(TestRunner.java:614) [testng-7.10.2.jar:7.10.2]
	at org.testng.SuiteRunner.runTest(SuiteRunner.java:421) [testng-7.10.2.jar:7.10.2]
	at org.testng.SuiteRunner.runSequentially(SuiteRunner.java:413) [testng-7.10.2.jar:7.10.2]
	at org.testng.SuiteRunner.privateRun(SuiteRunner.java:373) [testng-7.10.2.jar:7.10.2]
	at org.testng.SuiteRunner.run(SuiteRunner.java:312) [testng-7.10.2.jar:7.10.2]
	at org.testng.SuiteRunnerWorker.runSuite(SuiteRunnerWorker.java:52) [testng-7.10.2.jar:7.10.2]
	at org.testng.SuiteRunnerWorker.run(SuiteRunnerWorker.java:95) [testng-7.10.2.jar:7.10.2]
	at org.testng.TestNG.runSuitesSequentially(TestNG.java:1274) [testng-7.10.2.jar:7.10.2]
	at org.testng.TestNG.runSuitesLocally(TestNG.java:1208) [testng-7.10.2.jar:7.10.2]
	at org.testng.TestNG.runSuites(TestNG.java:1112) [testng-7.10.2.jar:7.10.2]
	at org.testng.TestNG.run(TestNG.java:1079) [testng-7.10.2.jar:7.10.2]
	at com.intellij.rt.testng.IDEARemoteTestNG.run(IDEARemoteTestNG.java:66) [testng-rt.jar:?]
	at com.intellij.rt.testng.RemoteTestNGStarter.main(RemoteTestNGStarter.java:105) [testng-rt.jar:?]
Caused by: org.openqa.selenium.NoSuchWindowException: no such window: target window already closed
from unknown error: web view not found
  (Session info: chrome=147.0.7727.138)
Build info: version: '4.21.0', revision: '79ed462ef4'
System info: os.name: 'Windows 11', os.arch: 'amd64', os.version: '10.0', java.version: '17.0.8'
Driver info: org.openqa.selenium.chrome.ChromeDriver
Command: [7749962c0e58c25ce1d2dff5bb30e7e2, findElement {value=a.skip-account, using=css selector}]
Capabilities {acceptInsecureCerts: false, browserName: chrome, browserVersion: 147.0.7727.138, chrome: {chromedriverVersion: 147.0.7727.117 (474cc805edd..., userDataDir: C:\Users\OMARKH~1\AppData\L...}, fedcm:accounts: true, goog:chromeOptions: {debuggerAddress: localhost:55406}, goog:processID: 2996, networkConnectionEnabled: false, pageLoadStrategy: normal, platformName: windows, proxy: Proxy(), se:cdp: ws://localhost:55406/devtoo..., se:cdpVersion: 147.0.7727.138, setWindowRect: true, strictFileInteractability: false, timeouts: {implicit: 0, pageLoad: 300000, script: 30000}, unhandledPromptBehavior: dismiss and notify, webauthn:extension:credBlob: true, webauthn:extension:largeBlob: true, webauthn:extension:minPinLength: true, webauthn:extension:prf: true, webauthn:virtualAuthenticators: true}
Session ID: 7749962c0e58c25ce1d2dff5bb30e7e2
	at jdk.internal.reflect.GeneratedConstructorAccessor19.newInstance(Unknown Source) ~[?:?]
	at java.base/jdk.internal.reflect.DelegatingConstructorAccessorImpl.newInstance(DelegatingConstructorAccessorImpl.java:45) ~[?:?]
	at java.base/java.lang.reflect.Constructor.newInstanceWithCaller(Constructor.java:499) ~[?:?]
	at java.base/java.lang.reflect.Constructor.newInstance(Constructor.java:480) ~[?:?]
	at org.openqa.selenium.remote.ErrorCodec.decode(ErrorCodec.java:167) ~[selenium-remote-driver-4.21.0.jar:?]
	at org.openqa.selenium.remote.codec.w3c.W3CHttpResponseCodec.decode(W3CHttpResponseCodec.java:138) ~[selenium-remote-driver-4.21.0.jar:?]
	at org.openqa.selenium.remote.codec.w3c.W3CHttpResponseCodec.decode(W3CHttpResponseCodec.java:50) ~[selenium-remote-driver-4.21.0.jar:?]
	at org.openqa.selenium.remote.HttpCommandExecutor.execute(HttpCommandExecutor.java:190) ~[selenium-remote-driver-4.21.0.jar:?]
	at org.openqa.selenium.remote.service.DriverCommandExecutor.invokeExecute(DriverCommandExecutor.java:216) ~[selenium-remote-driver-4.21.0.jar:?]
	at org.openqa.selenium.remote.service.DriverCommandExecutor.execute(DriverCommandExecutor.java:174) ~[selenium-remote-driver-4.21.0.jar:?]
	at org.openqa.selenium.remote.RemoteWebDriver.execute(RemoteWebDriver.java:518) ~[selenium-remote-driver-4.21.0.jar:?]
	at org.openqa.selenium.remote.ElementLocation$ElementFinder$2.findElement(ElementLocation.java:165) ~[selenium-remote-driver-4.21.0.jar:?]
	at org.openqa.selenium.remote.ElementLocation.findElement(ElementLocation.java:59) ~[selenium-remote-driver-4.21.0.jar:?]
	at org.openqa.selenium.remote.RemoteWebDriver.findElement(RemoteWebDriver.java:355) ~[selenium-remote-driver-4.21.0.jar:?]
	at org.openqa.selenium.remote.RemoteWebDriver.findElement(RemoteWebDriver.java:349) ~[selenium-remote-driver-4.21.0.jar:?]
	at org.openqa.selenium.support.ui.ExpectedConditions$7.apply(ExpectedConditions.java:194) ~[selenium-support-4.21.0.jar:?]
	at org.openqa.selenium.support.ui.ExpectedConditions$7.apply(ExpectedConditions.java:190) ~[selenium-support-4.21.0.jar:?]
	at org.openqa.selenium.support.ui.ExpectedConditions$22.apply(ExpectedConditions.java:627) ~[selenium-support-4.21.0.jar:?]
	at org.openqa.selenium.support.ui.ExpectedConditions$22.apply(ExpectedConditions.java:624) ~[selenium-support-4.21.0.jar:?]
	at org.openqa.selenium.support.ui.FluentWait.until(FluentWait.java:203) ~[selenium-support-4.21.0.jar:?]
	... 30 more
2026-05-09 01:07:47 [main] INFO  AutomationLogger - Browser closed after: tc01_addDorianShoesToCart
2026-05-09 01:13:48 [main] INFO  AutomationLogger - Browser launched: chrome | URL: https://ecommerce.tealiumdemo.com
2026-05-09 01:13:49 [main] INFO  AutomationLogger - Clicked: By.cssSelector: input#privacy_pref_optin
2026-05-09 01:13:49 [main] INFO  AutomationLogger - Consent modal detected — selected Opt-In
2026-05-09 01:13:49 [main] INFO  AutomationLogger - Clicked: By.cssSelector: div#consent_prompt_submit
2026-05-09 01:13:49 [main] INFO  AutomationLogger - Consent modal dismissed successfully
2026-05-09 01:13:49 [main] INFO  AutomationLogger - ▶️ TEST STARTED: tc01_addDorianShoesToCart
2026-05-09 01:13:50 [main] INFO  AutomationLogger - Test data loaded: [existingUser] from [testdata/users.json]
2026-05-09 01:13:51 [main] INFO  AutomationLogger - Clicked: By.cssSelector: a.skip-account
2026-05-09 01:13:51 [main] INFO  AutomationLogger - Opened account dropdown
2026-05-09 01:13:52 [main] INFO  AutomationLogger - Clicked: By.cssSelector: #header-account a[href*='account/login']
2026-05-09 01:13:52 [main] INFO  AutomationLogger - Clicked Log In from header
2026-05-09 01:13:53 [main] INFO  AutomationLogger - Typed 'o.khaledomar98@gmail.com' into: By.id: email
2026-05-09 01:13:53 [main] INFO  AutomationLogger - Entered email: o.khaledomar98@gmail.com
2026-05-09 01:13:53 [main] INFO  AutomationLogger - Typed '1234567' into: By.id: pass
2026-05-09 01:13:53 [main] INFO  AutomationLogger - Entered password
2026-05-09 01:13:53 [main] INFO  AutomationLogger - Scrolled to: By.id: send2
2026-05-09 01:13:55 [main] INFO  AutomationLogger - JS Clicked: By.id: send2
2026-05-09 01:13:55 [main] INFO  AutomationLogger - Clicked Login button
2026-05-09 01:13:55 [main] INFO  AutomationLogger - Login submitted — transitioning to Account Dashboard
2026-05-09 01:13:55 [main] INFO  AutomationLogger - Account dashboard loaded successfully
2026-05-09 01:13:55 [main] INFO  AutomationLogger - Hovered over: By.cssSelector: li.nav-3 > a
2026-05-09 01:13:55 [main] INFO  AutomationLogger - Hovered over Accessories menu
2026-05-09 01:13:56 [main] INFO  AutomationLogger - Clicked: By.cssSelector: a[href*='accessories/shoes']
2026-05-09 01:13:56 [main] INFO  AutomationLogger - Clicked Shoes from Accessories submenu
2026-05-09 01:14:00 [main] INFO  AutomationLogger - Selected 'Price' from: By.cssSelector: div.sort-by select
2026-05-09 01:14:00 [main] INFO  AutomationLogger - Sorted by Price low to high
2026-05-09 01:14:00 [main] INFO  AutomationLogger - Product prices found: [210.0, 310.0, 375.0, 390.0, 410.0, 470.0]
2026-05-09 01:14:00 [main] INFO  AutomationLogger - Found product: DORIAN PERFORATED OXFORD — clicking View Details
2026-05-09 01:14:00 [main] INFO  AutomationLogger - Scrolled to element: [[ChromeDriver: chrome on windows (f1b665c2b3345ea61b09ec97e14cc65b)] -> css selector: ul.products-grid li.item div.actions a.button]
2026-05-09 01:14:00 [main] INFO  AutomationLogger - JS Clicked element: [[ChromeDriver: chrome on windows (f1b665c2b3345ea61b09ec97e14cc65b)] -> css selector: ul.products-grid li.item div.actions a.button]
2026-05-09 01:14:00 [main] INFO  AutomationLogger - Navigated to product details page — btn-cart confirmed
2026-05-09 01:14:12 [main] WARN  AutomationLogger - Retrying test [tc01_addDorianShoesToCart] - Attempt: 1
2026-05-09 01:14:12 [main] WARN  AutomationLogger - ⏭️ TEST SKIPPED: tc01_addDorianShoesToCart
2026-05-09 01:14:12 [main] WARN  AutomationLogger - ⏭️ SKIPPED: tc01_addDorianShoesToCart
2026-05-09 01:14:13 [main] INFO  AutomationLogger - Browser closed after: tc01_addDorianShoesToCart
2026-05-09 01:14:17 [main] INFO  AutomationLogger - Browser launched: chrome | URL: https://ecommerce.tealiumdemo.com
2026-05-09 01:14:17 [main] INFO  AutomationLogger - Clicked: By.cssSelector: input#privacy_pref_optin
2026-05-09 01:14:17 [main] INFO  AutomationLogger - Consent modal detected — selected Opt-In
2026-05-09 01:14:17 [main] INFO  AutomationLogger - Clicked: By.cssSelector: div#consent_prompt_submit
2026-05-09 01:14:17 [main] INFO  AutomationLogger - Consent modal dismissed successfully
2026-05-09 01:14:17 [main] INFO  AutomationLogger - ▶️ TEST STARTED: tc01_addDorianShoesToCart
2026-05-09 01:14:17 [main] INFO  AutomationLogger - Test data loaded: [existingUser] from [testdata/users.json]
2026-05-09 01:14:18 [main] INFO  AutomationLogger - Clicked: By.cssSelector: a.skip-account
2026-05-09 01:14:18 [main] INFO  AutomationLogger - Opened account dropdown
2026-05-09 01:14:18 [main] INFO  AutomationLogger - Clicked: By.cssSelector: #header-account a[href*='account/login']
2026-05-09 01:14:19 [main] INFO  AutomationLogger - Clicked Log In from header
2026-05-09 01:14:20 [main] INFO  AutomationLogger - Typed 'o.khaledomar98@gmail.com' into: By.id: email
2026-05-09 01:14:20 [main] INFO  AutomationLogger - Entered email: o.khaledomar98@gmail.com
2026-05-09 01:14:20 [main] INFO  AutomationLogger - Typed '1234567' into: By.id: pass
2026-05-09 01:14:20 [main] INFO  AutomationLogger - Entered password
2026-05-09 01:14:20 [main] INFO  AutomationLogger - Scrolled to: By.id: send2
2026-05-09 01:14:21 [main] INFO  AutomationLogger - JS Clicked: By.id: send2
2026-05-09 01:14:21 [main] INFO  AutomationLogger - Clicked Login button
2026-05-09 01:14:21 [main] INFO  AutomationLogger - Login submitted — transitioning to Account Dashboard
2026-05-09 01:14:21 [main] INFO  AutomationLogger - Account dashboard loaded successfully
2026-05-09 01:14:22 [main] INFO  AutomationLogger - Hovered over: By.cssSelector: li.nav-3 > a
2026-05-09 01:14:22 [main] INFO  AutomationLogger - Hovered over Accessories menu
2026-05-09 01:14:22 [main] INFO  AutomationLogger - Clicked: By.cssSelector: a[href*='accessories/shoes']
2026-05-09 01:14:22 [main] INFO  AutomationLogger - Clicked Shoes from Accessories submenu
2026-05-09 01:14:25 [main] INFO  AutomationLogger - Selected 'Price' from: By.cssSelector: div.sort-by select
2026-05-09 01:14:25 [main] INFO  AutomationLogger - Sorted by Price low to high
2026-05-09 01:14:25 [main] INFO  AutomationLogger - Product prices found: [210.0, 310.0, 375.0, 390.0, 410.0, 470.0]
2026-05-09 01:14:25 [main] INFO  AutomationLogger - Found product: DORIAN PERFORATED OXFORD — clicking View Details
2026-05-09 01:14:25 [main] INFO  AutomationLogger - Scrolled to element: [[ChromeDriver: chrome on windows (51433407ce609fb96973e55b1ca55eda)] -> css selector: ul.products-grid li.item div.actions a.button]
2026-05-09 01:14:25 [main] INFO  AutomationLogger - JS Clicked element: [[ChromeDriver: chrome on windows (51433407ce609fb96973e55b1ca55eda)] -> css selector: ul.products-grid li.item div.actions a.button]
2026-05-09 01:14:25 [main] INFO  AutomationLogger - Navigated to product details page — btn-cart confirmed
2026-05-09 01:14:36 [main] WARN  AutomationLogger - Retrying test [tc01_addDorianShoesToCart] - Attempt: 2
2026-05-09 01:14:36 [main] WARN  AutomationLogger - ⏭️ TEST SKIPPED: tc01_addDorianShoesToCart
2026-05-09 01:14:36 [main] WARN  AutomationLogger - ⏭️ SKIPPED: tc01_addDorianShoesToCart
2026-05-09 01:14:37 [main] INFO  AutomationLogger - Browser closed after: tc01_addDorianShoesToCart
2026-05-09 01:14:41 [main] INFO  AutomationLogger - Browser launched: chrome | URL: https://ecommerce.tealiumdemo.com
2026-05-09 01:14:41 [main] INFO  AutomationLogger - Clicked: By.cssSelector: input#privacy_pref_optin
2026-05-09 01:14:41 [main] INFO  AutomationLogger - Consent modal detected — selected Opt-In
2026-05-09 01:14:41 [main] INFO  AutomationLogger - Clicked: By.cssSelector: div#consent_prompt_submit
2026-05-09 01:14:41 [main] INFO  AutomationLogger - Consent modal dismissed successfully
2026-05-09 01:14:41 [main] INFO  AutomationLogger - ▶️ TEST STARTED: tc01_addDorianShoesToCart
2026-05-09 01:14:41 [main] INFO  AutomationLogger - Test data loaded: [existingUser] from [testdata/users.json]
2026-05-09 01:14:41 [main] INFO  AutomationLogger - Clicked: By.cssSelector: a.skip-account
2026-05-09 01:14:41 [main] INFO  AutomationLogger - Opened account dropdown
2026-05-09 01:14:42 [main] INFO  AutomationLogger - Clicked: By.cssSelector: #header-account a[href*='account/login']
2026-05-09 01:14:42 [main] INFO  AutomationLogger - Clicked Log In from header
2026-05-09 01:14:44 [main] INFO  AutomationLogger - Typed 'o.khaledomar98@gmail.com' into: By.id: email
2026-05-09 01:14:44 [main] INFO  AutomationLogger - Entered email: o.khaledomar98@gmail.com
2026-05-09 01:14:44 [main] INFO  AutomationLogger - Typed '1234567' into: By.id: pass
2026-05-09 01:14:44 [main] INFO  AutomationLogger - Entered password
2026-05-09 01:14:44 [main] INFO  AutomationLogger - Scrolled to: By.id: send2
2026-05-09 01:14:46 [main] INFO  AutomationLogger - JS Clicked: By.id: send2
2026-05-09 01:14:46 [main] INFO  AutomationLogger - Clicked Login button
2026-05-09 01:14:46 [main] INFO  AutomationLogger - Login submitted — transitioning to Account Dashboard
2026-05-09 01:14:46 [main] INFO  AutomationLogger - Account dashboard loaded successfully
2026-05-09 01:14:46 [main] INFO  AutomationLogger - Hovered over: By.cssSelector: li.nav-3 > a
2026-05-09 01:14:46 [main] INFO  AutomationLogger - Hovered over Accessories menu
2026-05-09 01:14:46 [main] INFO  AutomationLogger - Clicked: By.cssSelector: a[href*='accessories/shoes']
2026-05-09 01:14:46 [main] INFO  AutomationLogger - Clicked Shoes from Accessories submenu
2026-05-09 01:14:49 [main] INFO  AutomationLogger - Selected 'Price' from: By.cssSelector: div.sort-by select
2026-05-09 01:14:49 [main] INFO  AutomationLogger - Sorted by Price low to high
2026-05-09 01:14:49 [main] INFO  AutomationLogger - Product prices found: [210.0, 310.0, 375.0, 390.0, 410.0, 470.0]
2026-05-09 01:14:49 [main] INFO  AutomationLogger - Found product: DORIAN PERFORATED OXFORD — clicking View Details
2026-05-09 01:14:49 [main] INFO  AutomationLogger - Scrolled to element: [[ChromeDriver: chrome on windows (b3cc09353d0d0d155572350a46ad9652)] -> css selector: ul.products-grid li.item div.actions a.button]
2026-05-09 01:14:49 [main] INFO  AutomationLogger - JS Clicked element: [[ChromeDriver: chrome on windows (b3cc09353d0d0d155572350a46ad9652)] -> css selector: ul.products-grid li.item div.actions a.button]
2026-05-09 01:14:51 [main] INFO  AutomationLogger - Navigated to product details page — btn-cart confirmed
2026-05-09 01:15:01 [main] ERROR AutomationLogger - ❌ TEST FAILED: tc01_addDorianShoesToCart
org.openqa.selenium.TimeoutException: Expected condition failed: waiting for visibility of element located by By.cssSelector: div.product-name span.h1, div.product-name h1 (tried for 10 second(s) with 500 milliseconds interval)
Build info: version: '4.21.0', revision: '79ed462ef4'
System info: os.name: 'Windows 11', os.arch: 'amd64', os.version: '10.0', java.version: '17.0.8'
Driver info: org.openqa.selenium.chrome.ChromeDriver
Capabilities {acceptInsecureCerts: false, browserName: chrome, browserVersion: 147.0.7727.138, chrome: {chromedriverVersion: 147.0.7727.117 (474cc805edd..., userDataDir: C:\Users\OMARKH~1\AppData\L...}, fedcm:accounts: true, goog:chromeOptions: {debuggerAddress: localhost:54659}, goog:processID: 2304, networkConnectionEnabled: false, pageLoadStrategy: normal, platformName: windows, proxy: Proxy(), se:cdp: ws://localhost:54659/devtoo..., se:cdpVersion: 147.0.7727.138, setWindowRect: true, strictFileInteractability: false, timeouts: {implicit: 0, pageLoad: 300000, script: 30000}, unhandledPromptBehavior: dismiss and notify, webauthn:extension:credBlob: true, webauthn:extension:largeBlob: true, webauthn:extension:minPinLength: true, webauthn:extension:prf: true, webauthn:virtualAuthenticators: true}
Session ID: b3cc09353d0d0d155572350a46ad9652
	at org.openqa.selenium.support.ui.WebDriverWait.timeoutException(WebDriverWait.java:84) ~[selenium-support-4.21.0.jar:?]
	at org.openqa.selenium.support.ui.FluentWait.until(FluentWait.java:228) ~[selenium-support-4.21.0.jar:?]
	at com.axis.automation.utils.WaitUtils.waitForVisibility(WaitUtils.java:55) ~[classes/:?]
	at com.axis.automation.utils.WaitUtils.waitForVisibility(WaitUtils.java:47) ~[classes/:?]
	at com.axis.automation.pages.ProductDetailsPage.getProductName(ProductDetailsPage.java:110) ~[classes/:?]
	at com.axis.automation.tests.cart.AddToCartTests.tc01_addDorianShoesToCart(AddToCartTests.java:75) ~[test-classes/:?]
	at java.base/jdk.internal.reflect.NativeMethodAccessorImpl.invoke0(Native Method) ~[?:?]
	at java.base/jdk.internal.reflect.NativeMethodAccessorImpl.invoke(NativeMethodAccessorImpl.java:77) ~[?:?]
	at java.base/jdk.internal.reflect.DelegatingMethodAccessorImpl.invoke(DelegatingMethodAccessorImpl.java:43) ~[?:?]
	at java.base/java.lang.reflect.Method.invoke(Method.java:568) ~[?:?]
	at org.testng.internal.invokers.MethodInvocationHelper.invokeMethod(MethodInvocationHelper.java:141) ~[testng-7.10.2.jar:7.10.2]
	at org.testng.internal.invokers.TestInvoker.invokeMethod(TestInvoker.java:686) ~[testng-7.10.2.jar:7.10.2]
	at org.testng.internal.invokers.TestInvoker.retryFailed(TestInvoker.java:269) ~[testng-7.10.2.jar:7.10.2]
	at org.testng.internal.invokers.MethodRunner.runInSequence(MethodRunner.java:76) ~[testng-7.10.2.jar:7.10.2]
	at org.testng.internal.invokers.TestInvoker$MethodInvocationAgent.invoke(TestInvoker.java:992) ~[testng-7.10.2.jar:7.10.2]
	at org.testng.internal.invokers.TestInvoker.invokeTestMethods(TestInvoker.java:203) ~[testng-7.10.2.jar:7.10.2]
	at org.testng.internal.invokers.TestMethodWorker.invokeTestMethods(TestMethodWorker.java:154) ~[testng-7.10.2.jar:7.10.2]
	at org.testng.internal.invokers.TestMethodWorker.run(TestMethodWorker.java:134) ~[testng-7.10.2.jar:7.10.2]
	at java.base/java.util.ArrayList.forEach(ArrayList.java:1511) [?:?]
	at org.testng.TestRunner.privateRun(TestRunner.java:739) [testng-7.10.2.jar:7.10.2]
	at org.testng.TestRunner.run(TestRunner.java:614) [testng-7.10.2.jar:7.10.2]
	at org.testng.SuiteRunner.runTest(SuiteRunner.java:421) [testng-7.10.2.jar:7.10.2]
	at org.testng.SuiteRunner.runSequentially(SuiteRunner.java:413) [testng-7.10.2.jar:7.10.2]
	at org.testng.SuiteRunner.privateRun(SuiteRunner.java:373) [testng-7.10.2.jar:7.10.2]
	at org.testng.SuiteRunner.run(SuiteRunner.java:312) [testng-7.10.2.jar:7.10.2]
	at org.testng.SuiteRunnerWorker.runSuite(SuiteRunnerWorker.java:52) [testng-7.10.2.jar:7.10.2]
	at org.testng.SuiteRunnerWorker.run(SuiteRunnerWorker.java:95) [testng-7.10.2.jar:7.10.2]
	at org.testng.TestNG.runSuitesSequentially(TestNG.java:1274) [testng-7.10.2.jar:7.10.2]
	at org.testng.TestNG.runSuitesLocally(TestNG.java:1208) [testng-7.10.2.jar:7.10.2]
	at org.testng.TestNG.runSuites(TestNG.java:1112) [testng-7.10.2.jar:7.10.2]
	at org.testng.TestNG.run(TestNG.java:1079) [testng-7.10.2.jar:7.10.2]
	at com.intellij.rt.testng.IDEARemoteTestNG.run(IDEARemoteTestNG.java:66) [testng-rt.jar:?]
	at com.intellij.rt.testng.RemoteTestNGStarter.main(RemoteTestNGStarter.java:105) [testng-rt.jar:?]
2026-05-09 01:15:01 [main] INFO  AutomationLogger - Screenshot captured: FAILED - tc01_addDorianShoesToCart
2026-05-09 01:15:01 [main] ERROR AutomationLogger - ❌ FAILED: tc01_addDorianShoesToCart
org.openqa.selenium.TimeoutException: Expected condition failed: waiting for visibility of element located by By.cssSelector: div.product-name span.h1, div.product-name h1 (tried for 10 second(s) with 500 milliseconds interval)
Build info: version: '4.21.0', revision: '79ed462ef4'
System info: os.name: 'Windows 11', os.arch: 'amd64', os.version: '10.0', java.version: '17.0.8'
Driver info: org.openqa.selenium.chrome.ChromeDriver
Capabilities {acceptInsecureCerts: false, browserName: chrome, browserVersion: 147.0.7727.138, chrome: {chromedriverVersion: 147.0.7727.117 (474cc805edd..., userDataDir: C:\Users\OMARKH~1\AppData\L...}, fedcm:accounts: true, goog:chromeOptions: {debuggerAddress: localhost:54659}, goog:processID: 2304, networkConnectionEnabled: false, pageLoadStrategy: normal, platformName: windows, proxy: Proxy(), se:cdp: ws://localhost:54659/devtoo..., se:cdpVersion: 147.0.7727.138, setWindowRect: true, strictFileInteractability: false, timeouts: {implicit: 0, pageLoad: 300000, script: 30000}, unhandledPromptBehavior: dismiss and notify, webauthn:extension:credBlob: true, webauthn:extension:largeBlob: true, webauthn:extension:minPinLength: true, webauthn:extension:prf: true, webauthn:virtualAuthenticators: true}
Session ID: b3cc09353d0d0d155572350a46ad9652
	at org.openqa.selenium.support.ui.WebDriverWait.timeoutException(WebDriverWait.java:84) ~[selenium-support-4.21.0.jar:?]
	at org.openqa.selenium.support.ui.FluentWait.until(FluentWait.java:228) ~[selenium-support-4.21.0.jar:?]
	at com.axis.automation.utils.WaitUtils.waitForVisibility(WaitUtils.java:55) ~[classes/:?]
	at com.axis.automation.utils.WaitUtils.waitForVisibility(WaitUtils.java:47) ~[classes/:?]
	at com.axis.automation.pages.ProductDetailsPage.getProductName(ProductDetailsPage.java:110) ~[classes/:?]
	at com.axis.automation.tests.cart.AddToCartTests.tc01_addDorianShoesToCart(AddToCartTests.java:75) ~[test-classes/:?]
	at java.base/jdk.internal.reflect.NativeMethodAccessorImpl.invoke0(Native Method) ~[?:?]
	at java.base/jdk.internal.reflect.NativeMethodAccessorImpl.invoke(NativeMethodAccessorImpl.java:77) ~[?:?]
	at java.base/jdk.internal.reflect.DelegatingMethodAccessorImpl.invoke(DelegatingMethodAccessorImpl.java:43) ~[?:?]
	at java.base/java.lang.reflect.Method.invoke(Method.java:568) ~[?:?]
	at org.testng.internal.invokers.MethodInvocationHelper.invokeMethod(MethodInvocationHelper.java:141) ~[testng-7.10.2.jar:7.10.2]
	at org.testng.internal.invokers.TestInvoker.invokeMethod(TestInvoker.java:686) ~[testng-7.10.2.jar:7.10.2]
	at org.testng.internal.invokers.TestInvoker.retryFailed(TestInvoker.java:269) ~[testng-7.10.2.jar:7.10.2]
	at org.testng.internal.invokers.MethodRunner.runInSequence(MethodRunner.java:76) ~[testng-7.10.2.jar:7.10.2]
	at org.testng.internal.invokers.TestInvoker$MethodInvocationAgent.invoke(TestInvoker.java:992) ~[testng-7.10.2.jar:7.10.2]
	at org.testng.internal.invokers.TestInvoker.invokeTestMethods(TestInvoker.java:203) ~[testng-7.10.2.jar:7.10.2]
	at org.testng.internal.invokers.TestMethodWorker.invokeTestMethods(TestMethodWorker.java:154) ~[testng-7.10.2.jar:7.10.2]
	at org.testng.internal.invokers.TestMethodWorker.run(TestMethodWorker.java:134) ~[testng-7.10.2.jar:7.10.2]
	at java.base/java.util.ArrayList.forEach(ArrayList.java:1511) [?:?]
	at org.testng.TestRunner.privateRun(TestRunner.java:739) [testng-7.10.2.jar:7.10.2]
	at org.testng.TestRunner.run(TestRunner.java:614) [testng-7.10.2.jar:7.10.2]
	at org.testng.SuiteRunner.runTest(SuiteRunner.java:421) [testng-7.10.2.jar:7.10.2]
	at org.testng.SuiteRunner.runSequentially(SuiteRunner.java:413) [testng-7.10.2.jar:7.10.2]
	at org.testng.SuiteRunner.privateRun(SuiteRunner.java:373) [testng-7.10.2.jar:7.10.2]
	at org.testng.SuiteRunner.run(SuiteRunner.java:312) [testng-7.10.2.jar:7.10.2]
	at org.testng.SuiteRunnerWorker.runSuite(SuiteRunnerWorker.java:52) [testng-7.10.2.jar:7.10.2]
	at org.testng.SuiteRunnerWorker.run(SuiteRunnerWorker.java:95) [testng-7.10.2.jar:7.10.2]
	at org.testng.TestNG.runSuitesSequentially(TestNG.java:1274) [testng-7.10.2.jar:7.10.2]
	at org.testng.TestNG.runSuitesLocally(TestNG.java:1208) [testng-7.10.2.jar:7.10.2]
	at org.testng.TestNG.runSuites(TestNG.java:1112) [testng-7.10.2.jar:7.10.2]
	at org.testng.TestNG.run(TestNG.java:1079) [testng-7.10.2.jar:7.10.2]
	at com.intellij.rt.testng.IDEARemoteTestNG.run(IDEARemoteTestNG.java:66) [testng-rt.jar:?]
	at com.intellij.rt.testng.RemoteTestNGStarter.main(RemoteTestNGStarter.java:105) [testng-rt.jar:?]
2026-05-09 01:15:01 [main] INFO  AutomationLogger - Browser closed after: tc01_addDorianShoesToCart
2026-05-09 01:18:35 [main] INFO  AutomationLogger - Browser launched: chrome | URL: https://ecommerce.tealiumdemo.com
2026-05-09 01:18:36 [main] INFO  AutomationLogger - Clicked: By.cssSelector: input#privacy_pref_optin
2026-05-09 01:18:36 [main] INFO  AutomationLogger - Consent modal detected — selected Opt-In
2026-05-09 01:18:36 [main] INFO  AutomationLogger - Clicked: By.cssSelector: div#consent_prompt_submit
2026-05-09 01:18:36 [main] INFO  AutomationLogger - Consent modal dismissed successfully
2026-05-09 01:18:37 [main] INFO  AutomationLogger - ▶️ TEST STARTED: tc01_addDorianShoesToCart
2026-05-09 01:18:38 [main] INFO  AutomationLogger - Test data loaded: [existingUser] from [testdata/users.json]
2026-05-09 01:18:38 [main] INFO  AutomationLogger - Clicked: By.cssSelector: a.skip-account
2026-05-09 01:18:38 [main] INFO  AutomationLogger - Opened account dropdown
2026-05-09 01:18:39 [main] INFO  AutomationLogger - Clicked: By.cssSelector: #header-account a[href*='account/login']
2026-05-09 01:18:39 [main] INFO  AutomationLogger - Clicked Log In from header
2026-05-09 01:18:40 [main] INFO  AutomationLogger - Typed 'o.khaledomar98@gmail.com' into: By.id: email
2026-05-09 01:18:40 [main] INFO  AutomationLogger - Entered email: o.khaledomar98@gmail.com
2026-05-09 01:18:41 [main] INFO  AutomationLogger - Typed '1234567' into: By.id: pass
2026-05-09 01:18:41 [main] INFO  AutomationLogger - Entered password
2026-05-09 01:18:41 [main] INFO  AutomationLogger - Scrolled to: By.id: send2
2026-05-09 01:18:43 [main] INFO  AutomationLogger - JS Clicked: By.id: send2
2026-05-09 01:18:43 [main] INFO  AutomationLogger - Clicked Login button
2026-05-09 01:18:43 [main] INFO  AutomationLogger - Login submitted — transitioning to Account Dashboard
2026-05-09 01:18:43 [main] INFO  AutomationLogger - Account dashboard loaded successfully
2026-05-09 01:18:43 [main] INFO  AutomationLogger - Hovered over: By.cssSelector: li.nav-3 > a
2026-05-09 01:18:43 [main] INFO  AutomationLogger - Hovered over Accessories menu
2026-05-09 01:18:44 [main] INFO  AutomationLogger - Clicked: By.cssSelector: a[href*='accessories/shoes']
2026-05-09 01:18:44 [main] INFO  AutomationLogger - Clicked Shoes from Accessories submenu
2026-05-09 01:18:49 [main] INFO  AutomationLogger - Selected 'Price' from: By.cssSelector: div.sort-by select
2026-05-09 01:18:49 [main] INFO  AutomationLogger - Sorted by Price low to high
2026-05-09 01:18:49 [main] INFO  AutomationLogger - Product prices found: [210.0, 310.0, 375.0, 390.0, 410.0, 470.0]
2026-05-09 01:18:49 [main] INFO  AutomationLogger - Found product: DORIAN PERFORATED OXFORD — navigating to: https://ecommerce.tealiumdemo.com/accessories/shoes/dorian-preforated-oxford-558.html
2026-05-09 01:18:50 [main] INFO  AutomationLogger - Product details page loaded — btn-cart confirmed
2026-05-09 01:18:51 [main] INFO  AutomationLogger - Scrolled to element: [[ChromeDriver: chrome on windows (885532e6fd474337737dde53fcb5a1aa)] -> css selector: ul#configurable_swatch_color li a]
2026-05-09 01:18:51 [main] INFO  AutomationLogger - JS Clicked element: [[ChromeDriver: chrome on windows (885532e6fd474337737dde53fcb5a1aa)] -> css selector: ul#configurable_swatch_color li a]
2026-05-09 01:18:51 [main] INFO  AutomationLogger - Selected first available color: Black
2026-05-09 01:18:51 [main] INFO  AutomationLogger - Color 'Black' selected: false
2026-05-09 01:18:51 [main] WARN  AutomationLogger - Retrying test [tc01_addDorianShoesToCart] - Attempt: 1
2026-05-09 01:18:51 [main] WARN  AutomationLogger - ⏭️ TEST SKIPPED: tc01_addDorianShoesToCart
2026-05-09 01:18:51 [main] WARN  AutomationLogger - ⏭️ SKIPPED: tc01_addDorianShoesToCart
2026-05-09 01:18:51 [main] INFO  AutomationLogger - Browser closed after: tc01_addDorianShoesToCart
2026-05-09 01:18:56 [main] INFO  AutomationLogger - Browser launched: chrome | URL: https://ecommerce.tealiumdemo.com
2026-05-09 01:18:56 [main] INFO  AutomationLogger - Clicked: By.cssSelector: input#privacy_pref_optin
2026-05-09 01:18:56 [main] INFO  AutomationLogger - Consent modal detected — selected Opt-In
2026-05-09 01:18:57 [main] INFO  AutomationLogger - Clicked: By.cssSelector: div#consent_prompt_submit
2026-05-09 01:18:57 [main] INFO  AutomationLogger - Consent modal dismissed successfully
2026-05-09 01:18:57 [main] INFO  AutomationLogger - ▶️ TEST STARTED: tc01_addDorianShoesToCart
2026-05-09 01:18:57 [main] INFO  AutomationLogger - Test data loaded: [existingUser] from [testdata/users.json]
2026-05-09 01:18:57 [main] INFO  AutomationLogger - Clicked: By.cssSelector: a.skip-account
2026-05-09 01:18:57 [main] INFO  AutomationLogger - Opened account dropdown
2026-05-09 01:18:58 [main] INFO  AutomationLogger - Clicked: By.cssSelector: #header-account a[href*='account/login']
2026-05-09 01:18:58 [main] INFO  AutomationLogger - Clicked Log In from header
2026-05-09 01:19:00 [main] INFO  AutomationLogger - Typed 'o.khaledomar98@gmail.com' into: By.id: email
2026-05-09 01:19:00 [main] INFO  AutomationLogger - Entered email: o.khaledomar98@gmail.com
2026-05-09 01:19:00 [main] INFO  AutomationLogger - Typed '1234567' into: By.id: pass
2026-05-09 01:19:00 [main] INFO  AutomationLogger - Entered password
2026-05-09 01:19:00 [main] INFO  AutomationLogger - Scrolled to: By.id: send2
2026-05-09 01:19:02 [main] INFO  AutomationLogger - JS Clicked: By.id: send2
2026-05-09 01:19:02 [main] INFO  AutomationLogger - Clicked Login button
2026-05-09 01:19:02 [main] INFO  AutomationLogger - Login submitted — transitioning to Account Dashboard
2026-05-09 01:19:02 [main] INFO  AutomationLogger - Account dashboard loaded successfully
2026-05-09 01:19:02 [main] INFO  AutomationLogger - Hovered over: By.cssSelector: li.nav-3 > a
2026-05-09 01:19:02 [main] INFO  AutomationLogger - Hovered over Accessories menu
2026-05-09 01:19:02 [main] INFO  AutomationLogger - Clicked: By.cssSelector: a[href*='accessories/shoes']
2026-05-09 01:19:02 [main] INFO  AutomationLogger - Clicked Shoes from Accessories submenu
2026-05-09 01:19:05 [main] INFO  AutomationLogger - Selected 'Price' from: By.cssSelector: div.sort-by select
2026-05-09 01:19:05 [main] INFO  AutomationLogger - Sorted by Price low to high
2026-05-09 01:19:05 [main] INFO  AutomationLogger - Product prices found: [210.0, 310.0, 375.0, 390.0, 410.0, 470.0]
2026-05-09 01:19:05 [main] INFO  AutomationLogger - Found product: DORIAN PERFORATED OXFORD — navigating to: https://ecommerce.tealiumdemo.com/accessories/shoes/dorian-preforated-oxford-558.html
2026-05-09 01:19:06 [main] INFO  AutomationLogger - Product details page loaded — btn-cart confirmed
2026-05-09 01:19:07 [main] INFO  AutomationLogger - Scrolled to element: [[ChromeDriver: chrome on windows (debf1fee00c60989560da9a3bc7a95f5)] -> css selector: ul#configurable_swatch_color li a]
2026-05-09 01:19:07 [main] INFO  AutomationLogger - JS Clicked element: [[ChromeDriver: chrome on windows (debf1fee00c60989560da9a3bc7a95f5)] -> css selector: ul#configurable_swatch_color li a]
2026-05-09 01:19:07 [main] INFO  AutomationLogger - Selected first available color: Black
2026-05-09 01:19:07 [main] INFO  AutomationLogger - Color 'Black' selected: false
2026-05-09 01:19:07 [main] WARN  AutomationLogger - Retrying test [tc01_addDorianShoesToCart] - Attempt: 2
2026-05-09 01:19:07 [main] WARN  AutomationLogger - ⏭️ TEST SKIPPED: tc01_addDorianShoesToCart
2026-05-09 01:19:07 [main] WARN  AutomationLogger - ⏭️ SKIPPED: tc01_addDorianShoesToCart
2026-05-09 01:19:07 [main] INFO  AutomationLogger - Browser closed after: tc01_addDorianShoesToCart
2026-05-09 01:19:11 [main] INFO  AutomationLogger - Browser launched: chrome | URL: https://ecommerce.tealiumdemo.com
2026-05-09 01:19:11 [main] INFO  AutomationLogger - Clicked: By.cssSelector: input#privacy_pref_optin
2026-05-09 01:19:11 [main] INFO  AutomationLogger - Consent modal detected — selected Opt-In
2026-05-09 01:19:11 [main] INFO  AutomationLogger - Clicked: By.cssSelector: div#consent_prompt_submit
2026-05-09 01:19:11 [main] INFO  AutomationLogger - Consent modal dismissed successfully
2026-05-09 01:19:11 [main] INFO  AutomationLogger - ▶️ TEST STARTED: tc01_addDorianShoesToCart
2026-05-09 01:19:11 [main] INFO  AutomationLogger - Test data loaded: [existingUser] from [testdata/users.json]
2026-05-09 01:19:11 [main] INFO  AutomationLogger - Clicked: By.cssSelector: a.skip-account
2026-05-09 01:19:11 [main] INFO  AutomationLogger - Opened account dropdown
2026-05-09 01:19:12 [main] INFO  AutomationLogger - Clicked: By.cssSelector: #header-account a[href*='account/login']
2026-05-09 01:19:12 [main] INFO  AutomationLogger - Clicked Log In from header
2026-05-09 01:19:14 [main] INFO  AutomationLogger - Typed 'o.khaledomar98@gmail.com' into: By.id: email
2026-05-09 01:19:14 [main] INFO  AutomationLogger - Entered email: o.khaledomar98@gmail.com
2026-05-09 01:19:14 [main] INFO  AutomationLogger - Typed '1234567' into: By.id: pass
2026-05-09 01:19:14 [main] INFO  AutomationLogger - Entered password
2026-05-09 01:19:14 [main] INFO  AutomationLogger - Scrolled to: By.id: send2
2026-05-09 01:19:15 [main] INFO  AutomationLogger - JS Clicked: By.id: send2
2026-05-09 01:19:15 [main] INFO  AutomationLogger - Clicked Login button
2026-05-09 01:19:15 [main] INFO  AutomationLogger - Login submitted — transitioning to Account Dashboard
2026-05-09 01:19:15 [main] INFO  AutomationLogger - Account dashboard loaded successfully
2026-05-09 01:19:16 [main] INFO  AutomationLogger - Hovered over: By.cssSelector: li.nav-3 > a
2026-05-09 01:19:16 [main] INFO  AutomationLogger - Hovered over Accessories menu
2026-05-09 01:19:16 [main] INFO  AutomationLogger - Clicked: By.cssSelector: a[href*='accessories/shoes']
2026-05-09 01:19:16 [main] INFO  AutomationLogger - Clicked Shoes from Accessories submenu
2026-05-09 01:19:19 [main] INFO  AutomationLogger - Selected 'Price' from: By.cssSelector: div.sort-by select
2026-05-09 01:19:19 [main] INFO  AutomationLogger - Sorted by Price low to high
2026-05-09 01:19:19 [main] INFO  AutomationLogger - Product prices found: [210.0, 310.0, 375.0, 390.0, 410.0, 470.0]
2026-05-09 01:19:19 [main] INFO  AutomationLogger - Found product: DORIAN PERFORATED OXFORD — navigating to: https://ecommerce.tealiumdemo.com/accessories/shoes/dorian-preforated-oxford-558.html
2026-05-09 01:19:20 [main] INFO  AutomationLogger - Product details page loaded — btn-cart confirmed
2026-05-09 01:19:20 [main] INFO  AutomationLogger - Scrolled to element: [[ChromeDriver: chrome on windows (38d3453fa7f350a565a7dd719b6e7c6d)] -> css selector: ul#configurable_swatch_color li a]
2026-05-09 01:19:21 [main] INFO  AutomationLogger - JS Clicked element: [[ChromeDriver: chrome on windows (38d3453fa7f350a565a7dd719b6e7c6d)] -> css selector: ul#configurable_swatch_color li a]
2026-05-09 01:19:21 [main] INFO  AutomationLogger - Selected first available color: Black
2026-05-09 01:19:21 [main] INFO  AutomationLogger - Color 'Black' selected: false
2026-05-09 01:19:21 [main] ERROR AutomationLogger - ❌ TEST FAILED: tc01_addDorianShoesToCart
java.lang.AssertionError: Step 6 FAILED — Selected color 'Black' should be highlighted expected [true] but found [false]
	at org.testng.Assert.fail(Assert.java:111) ~[testng-7.10.2.jar:7.10.2]
	at org.testng.Assert.failNotEquals(Assert.java:1578) ~[testng-7.10.2.jar:7.10.2]
	at org.testng.Assert.assertTrue(Assert.java:57) ~[testng-7.10.2.jar:7.10.2]
	at com.axis.automation.tests.cart.AddToCartTests.tc01_addDorianShoesToCart(AddToCartTests.java:81) ~[test-classes/:?]
	at java.base/jdk.internal.reflect.NativeMethodAccessorImpl.invoke0(Native Method) ~[?:?]
	at java.base/jdk.internal.reflect.NativeMethodAccessorImpl.invoke(NativeMethodAccessorImpl.java:77) ~[?:?]
	at java.base/jdk.internal.reflect.DelegatingMethodAccessorImpl.invoke(DelegatingMethodAccessorImpl.java:43) ~[?:?]
	at java.base/java.lang.reflect.Method.invoke(Method.java:568) ~[?:?]
	at org.testng.internal.invokers.MethodInvocationHelper.invokeMethod(MethodInvocationHelper.java:141) ~[testng-7.10.2.jar:7.10.2]
	at org.testng.internal.invokers.TestInvoker.invokeMethod(TestInvoker.java:686) ~[testng-7.10.2.jar:7.10.2]
	at org.testng.internal.invokers.TestInvoker.retryFailed(TestInvoker.java:269) ~[testng-7.10.2.jar:7.10.2]
	at org.testng.internal.invokers.MethodRunner.runInSequence(MethodRunner.java:76) ~[testng-7.10.2.jar:7.10.2]
	at org.testng.internal.invokers.TestInvoker$MethodInvocationAgent.invoke(TestInvoker.java:992) ~[testng-7.10.2.jar:7.10.2]
	at org.testng.internal.invokers.TestInvoker.invokeTestMethods(TestInvoker.java:203) ~[testng-7.10.2.jar:7.10.2]
	at org.testng.internal.invokers.TestMethodWorker.invokeTestMethods(TestMethodWorker.java:154) ~[testng-7.10.2.jar:7.10.2]
	at org.testng.internal.invokers.TestMethodWorker.run(TestMethodWorker.java:134) ~[testng-7.10.2.jar:7.10.2]
	at java.base/java.util.ArrayList.forEach(ArrayList.java:1511) [?:?]
	at org.testng.TestRunner.privateRun(TestRunner.java:739) [testng-7.10.2.jar:7.10.2]
	at org.testng.TestRunner.run(TestRunner.java:614) [testng-7.10.2.jar:7.10.2]
	at org.testng.SuiteRunner.runTest(SuiteRunner.java:421) [testng-7.10.2.jar:7.10.2]
	at org.testng.SuiteRunner.runSequentially(SuiteRunner.java:413) [testng-7.10.2.jar:7.10.2]
	at org.testng.SuiteRunner.privateRun(SuiteRunner.java:373) [testng-7.10.2.jar:7.10.2]
	at org.testng.SuiteRunner.run(SuiteRunner.java:312) [testng-7.10.2.jar:7.10.2]
	at org.testng.SuiteRunnerWorker.runSuite(SuiteRunnerWorker.java:52) [testng-7.10.2.jar:7.10.2]
	at org.testng.SuiteRunnerWorker.run(SuiteRunnerWorker.java:95) [testng-7.10.2.jar:7.10.2]
	at org.testng.TestNG.runSuitesSequentially(TestNG.java:1274) [testng-7.10.2.jar:7.10.2]
	at org.testng.TestNG.runSuitesLocally(TestNG.java:1208) [testng-7.10.2.jar:7.10.2]
	at org.testng.TestNG.runSuites(TestNG.java:1112) [testng-7.10.2.jar:7.10.2]
	at org.testng.TestNG.run(TestNG.java:1079) [testng-7.10.2.jar:7.10.2]
	at com.intellij.rt.testng.IDEARemoteTestNG.run(IDEARemoteTestNG.java:66) [testng-rt.jar:?]
	at com.intellij.rt.testng.RemoteTestNGStarter.main(RemoteTestNGStarter.java:105) [testng-rt.jar:?]
2026-05-09 01:19:21 [main] INFO  AutomationLogger - Screenshot captured: FAILED - tc01_addDorianShoesToCart
2026-05-09 01:19:21 [main] ERROR AutomationLogger - ❌ FAILED: tc01_addDorianShoesToCart
java.lang.AssertionError: Step 6 FAILED — Selected color 'Black' should be highlighted expected [true] but found [false]
	at org.testng.Assert.fail(Assert.java:111) ~[testng-7.10.2.jar:7.10.2]
	at org.testng.Assert.failNotEquals(Assert.java:1578) ~[testng-7.10.2.jar:7.10.2]
	at org.testng.Assert.assertTrue(Assert.java:57) ~[testng-7.10.2.jar:7.10.2]
	at com.axis.automation.tests.cart.AddToCartTests.tc01_addDorianShoesToCart(AddToCartTests.java:81) ~[test-classes/:?]
	at java.base/jdk.internal.reflect.NativeMethodAccessorImpl.invoke0(Native Method) ~[?:?]
	at java.base/jdk.internal.reflect.NativeMethodAccessorImpl.invoke(NativeMethodAccessorImpl.java:77) ~[?:?]
	at java.base/jdk.internal.reflect.DelegatingMethodAccessorImpl.invoke(DelegatingMethodAccessorImpl.java:43) ~[?:?]
	at java.base/java.lang.reflect.Method.invoke(Method.java:568) ~[?:?]
	at org.testng.internal.invokers.MethodInvocationHelper.invokeMethod(MethodInvocationHelper.java:141) ~[testng-7.10.2.jar:7.10.2]
	at org.testng.internal.invokers.TestInvoker.invokeMethod(TestInvoker.java:686) ~[testng-7.10.2.jar:7.10.2]
	at org.testng.internal.invokers.TestInvoker.retryFailed(TestInvoker.java:269) ~[testng-7.10.2.jar:7.10.2]
	at org.testng.internal.invokers.MethodRunner.runInSequence(MethodRunner.java:76) ~[testng-7.10.2.jar:7.10.2]
	at org.testng.internal.invokers.TestInvoker$MethodInvocationAgent.invoke(TestInvoker.java:992) ~[testng-7.10.2.jar:7.10.2]
	at org.testng.internal.invokers.TestInvoker.invokeTestMethods(TestInvoker.java:203) ~[testng-7.10.2.jar:7.10.2]
	at org.testng.internal.invokers.TestMethodWorker.invokeTestMethods(TestMethodWorker.java:154) ~[testng-7.10.2.jar:7.10.2]
	at org.testng.internal.invokers.TestMethodWorker.run(TestMethodWorker.java:134) ~[testng-7.10.2.jar:7.10.2]
	at java.base/java.util.ArrayList.forEach(ArrayList.java:1511) [?:?]
	at org.testng.TestRunner.privateRun(TestRunner.java:739) [testng-7.10.2.jar:7.10.2]
	at org.testng.TestRunner.run(TestRunner.java:614) [testng-7.10.2.jar:7.10.2]
	at org.testng.SuiteRunner.runTest(SuiteRunner.java:421) [testng-7.10.2.jar:7.10.2]
	at org.testng.SuiteRunner.runSequentially(SuiteRunner.java:413) [testng-7.10.2.jar:7.10.2]
	at org.testng.SuiteRunner.privateRun(SuiteRunner.java:373) [testng-7.10.2.jar:7.10.2]
	at org.testng.SuiteRunner.run(SuiteRunner.java:312) [testng-7.10.2.jar:7.10.2]
	at org.testng.SuiteRunnerWorker.runSuite(SuiteRunnerWorker.java:52) [testng-7.10.2.jar:7.10.2]
	at org.testng.SuiteRunnerWorker.run(SuiteRunnerWorker.java:95) [testng-7.10.2.jar:7.10.2]
	at org.testng.TestNG.runSuitesSequentially(TestNG.java:1274) [testng-7.10.2.jar:7.10.2]
	at org.testng.TestNG.runSuitesLocally(TestNG.java:1208) [testng-7.10.2.jar:7.10.2]
	at org.testng.TestNG.runSuites(TestNG.java:1112) [testng-7.10.2.jar:7.10.2]
	at org.testng.TestNG.run(TestNG.java:1079) [testng-7.10.2.jar:7.10.2]
	at com.intellij.rt.testng.IDEARemoteTestNG.run(IDEARemoteTestNG.java:66) [testng-rt.jar:?]
	at com.intellij.rt.testng.RemoteTestNGStarter.main(RemoteTestNGStarter.java:105) [testng-rt.jar:?]
2026-05-09 01:19:21 [main] INFO  AutomationLogger - Browser closed after: tc01_addDorianShoesToCart
2026-05-09 01:21:45 [main] INFO  AutomationLogger - Browser launched: chrome | URL: https://ecommerce.tealiumdemo.com
2026-05-09 01:21:46 [main] INFO  AutomationLogger - Clicked: By.cssSelector: input#privacy_pref_optin
2026-05-09 01:21:46 [main] INFO  AutomationLogger - Consent modal detected — selected Opt-In
2026-05-09 01:21:46 [main] INFO  AutomationLogger - Clicked: By.cssSelector: div#consent_prompt_submit
2026-05-09 01:21:46 [main] INFO  AutomationLogger - Consent modal dismissed successfully
2026-05-09 01:21:47 [main] INFO  AutomationLogger - ▶️ TEST STARTED: tc01_addDorianShoesToCart
2026-05-09 01:21:48 [main] INFO  AutomationLogger - Test data loaded: [existingUser] from [testdata/users.json]
2026-05-09 01:21:48 [main] INFO  AutomationLogger - Clicked: By.cssSelector: a.skip-account
2026-05-09 01:21:48 [main] INFO  AutomationLogger - Opened account dropdown
2026-05-09 01:21:49 [main] INFO  AutomationLogger - Clicked: By.cssSelector: #header-account a[href*='account/login']
2026-05-09 01:21:49 [main] INFO  AutomationLogger - Clicked Log In from header
2026-05-09 01:21:50 [main] INFO  AutomationLogger - Typed 'o.khaledomar98@gmail.com' into: By.id: email
2026-05-09 01:21:50 [main] INFO  AutomationLogger - Entered email: o.khaledomar98@gmail.com
2026-05-09 01:21:50 [main] INFO  AutomationLogger - Typed '1234567' into: By.id: pass
2026-05-09 01:21:50 [main] INFO  AutomationLogger - Entered password
2026-05-09 01:21:50 [main] INFO  AutomationLogger - Scrolled to: By.id: send2
2026-05-09 01:21:52 [main] INFO  AutomationLogger - JS Clicked: By.id: send2
2026-05-09 01:21:52 [main] INFO  AutomationLogger - Clicked Login button
2026-05-09 01:21:52 [main] INFO  AutomationLogger - Login submitted — transitioning to Account Dashboard
2026-05-09 01:21:52 [main] INFO  AutomationLogger - Account dashboard loaded successfully
2026-05-09 01:21:53 [main] INFO  AutomationLogger - Hovered over: By.cssSelector: li.nav-3 > a
2026-05-09 01:21:53 [main] INFO  AutomationLogger - Hovered over Accessories menu
2026-05-09 01:21:53 [main] INFO  AutomationLogger - Clicked: By.cssSelector: a[href*='accessories/shoes']
2026-05-09 01:21:53 [main] INFO  AutomationLogger - Clicked Shoes from Accessories submenu
2026-05-09 01:21:58 [main] INFO  AutomationLogger - Selected 'Price' from: By.cssSelector: div.sort-by select
2026-05-09 01:21:58 [main] INFO  AutomationLogger - Sorted by Price low to high
2026-05-09 01:21:58 [main] INFO  AutomationLogger - Product prices found: [210.0, 310.0, 375.0, 390.0, 410.0, 470.0]
2026-05-09 01:21:58 [main] INFO  AutomationLogger - Found product: DORIAN PERFORATED OXFORD — navigating to: https://ecommerce.tealiumdemo.com/accessories/shoes/dorian-preforated-oxford-558.html
2026-05-09 01:22:07 [main] INFO  AutomationLogger - Product details page loaded — btn-cart confirmed
2026-05-09 01:22:07 [main] INFO  AutomationLogger - Scrolled to element: [[ChromeDriver: chrome on windows (8d595ff9ef5cde9dd61069532d830b8d)] -> css selector: ul#configurable_swatch_color li a]
2026-05-09 01:22:07 [main] INFO  AutomationLogger - JS Clicked element: [[ChromeDriver: chrome on windows (8d595ff9ef5cde9dd61069532d830b8d)] -> css selector: ul#configurable_swatch_color li a]
2026-05-09 01:22:07 [main] INFO  AutomationLogger - Selected first available color: Black
2026-05-09 01:22:13 [main] INFO  AutomationLogger - Color 'Black' selected: false — class not updated yet
2026-05-09 01:22:13 [main] WARN  AutomationLogger - Retrying test [tc01_addDorianShoesToCart] - Attempt: 1
2026-05-09 01:22:13 [main] WARN  AutomationLogger - ⏭️ TEST SKIPPED: tc01_addDorianShoesToCart
2026-05-09 01:22:13 [main] WARN  AutomationLogger - ⏭️ SKIPPED: tc01_addDorianShoesToCart
2026-05-09 01:22:13 [main] INFO  AutomationLogger - Browser closed after: tc01_addDorianShoesToCart
2026-05-09 01:22:39 [main] INFO  AutomationLogger - Browser launched: chrome | URL: https://ecommerce.tealiumdemo.com
2026-05-09 01:22:39 [main] INFO  AutomationLogger - Clicked: By.cssSelector: input#privacy_pref_optin
2026-05-09 01:22:39 [main] INFO  AutomationLogger - Consent modal detected — selected Opt-In
2026-05-09 01:22:40 [main] INFO  AutomationLogger - Clicked: By.cssSelector: div#consent_prompt_submit
2026-05-09 01:22:40 [main] INFO  AutomationLogger - Consent modal dismissed successfully
2026-05-09 01:22:40 [main] INFO  AutomationLogger - ▶️ TEST STARTED: tc01_addDorianShoesToCart
2026-05-09 01:22:40 [main] INFO  AutomationLogger - Test data loaded: [existingUser] from [testdata/users.json]
2026-05-09 01:22:40 [main] INFO  AutomationLogger - Clicked: By.cssSelector: a.skip-account
2026-05-09 01:22:40 [main] INFO  AutomationLogger - Opened account dropdown
2026-05-09 01:22:41 [main] INFO  AutomationLogger - Clicked: By.cssSelector: #header-account a[href*='account/login']
2026-05-09 01:22:41 [main] INFO  AutomationLogger - Clicked Log In from header
2026-05-09 01:22:42 [main] INFO  AutomationLogger - Typed 'o.khaledomar98@gmail.com' into: By.id: email
2026-05-09 01:22:42 [main] INFO  AutomationLogger - Entered email: o.khaledomar98@gmail.com
2026-05-09 01:22:42 [main] INFO  AutomationLogger - Typed '1234567' into: By.id: pass
2026-05-09 01:22:42 [main] INFO  AutomationLogger - Entered password
2026-05-09 01:22:42 [main] INFO  AutomationLogger - Scrolled to: By.id: send2
2026-05-09 01:22:44 [main] INFO  AutomationLogger - JS Clicked: By.id: send2
2026-05-09 01:22:44 [main] INFO  AutomationLogger - Clicked Login button
2026-05-09 01:22:44 [main] INFO  AutomationLogger - Login submitted — transitioning to Account Dashboard
2026-05-09 01:22:44 [main] INFO  AutomationLogger - Account dashboard loaded successfully
2026-05-09 01:22:45 [main] INFO  AutomationLogger - Hovered over: By.cssSelector: li.nav-3 > a
2026-05-09 01:22:45 [main] INFO  AutomationLogger - Hovered over Accessories menu
2026-05-09 01:22:45 [main] INFO  AutomationLogger - Clicked: By.cssSelector: a[href*='accessories/shoes']
2026-05-09 01:22:45 [main] INFO  AutomationLogger - Clicked Shoes from Accessories submenu
2026-05-09 01:22:48 [main] INFO  AutomationLogger - Selected 'Price' from: By.cssSelector: div.sort-by select
2026-05-09 01:22:48 [main] INFO  AutomationLogger - Sorted by Price low to high
2026-05-09 01:22:48 [main] INFO  AutomationLogger - Product prices found: [210.0, 310.0, 375.0, 390.0, 410.0, 470.0]
2026-05-09 01:22:49 [main] INFO  AutomationLogger - Found product: DORIAN PERFORATED OXFORD — navigating to: https://ecommerce.tealiumdemo.com/accessories/shoes/dorian-preforated-oxford-558.html
2026-05-09 01:22:52 [main] INFO  AutomationLogger - Product details page loaded — btn-cart confirmed
2026-05-09 01:22:53 [main] INFO  AutomationLogger - Scrolled to element: [[ChromeDriver: chrome on windows (1b0b326694fe8065010c9e4ca9b1a73e)] -> css selector: ul#configurable_swatch_color li a]
2026-05-09 01:22:53 [main] INFO  AutomationLogger - JS Clicked element: [[ChromeDriver: chrome on windows (1b0b326694fe8065010c9e4ca9b1a73e)] -> css selector: ul#configurable_swatch_color li a]
2026-05-09 01:22:53 [main] INFO  AutomationLogger - Selected first available color: Black
2026-05-09 01:22:58 [main] INFO  AutomationLogger - Color 'Black' selected: false — class not updated yet
2026-05-09 01:22:58 [main] WARN  AutomationLogger - Retrying test [tc01_addDorianShoesToCart] - Attempt: 2
2026-05-09 01:22:58 [main] WARN  AutomationLogger - ⏭️ TEST SKIPPED: tc01_addDorianShoesToCart
2026-05-09 01:22:58 [main] WARN  AutomationLogger - ⏭️ SKIPPED: tc01_addDorianShoesToCart
2026-05-09 01:22:58 [main] INFO  AutomationLogger - Browser closed after: tc01_addDorianShoesToCart
2026-05-09 01:23:02 [main] INFO  AutomationLogger - Browser launched: chrome | URL: https://ecommerce.tealiumdemo.com
2026-05-09 01:23:02 [main] INFO  AutomationLogger - Clicked: By.cssSelector: input#privacy_pref_optin
2026-05-09 01:23:02 [main] INFO  AutomationLogger - Consent modal detected — selected Opt-In
2026-05-09 01:23:02 [main] INFO  AutomationLogger - Clicked: By.cssSelector: div#consent_prompt_submit
2026-05-09 01:23:02 [main] INFO  AutomationLogger - Consent modal dismissed successfully
2026-05-09 01:23:02 [main] INFO  AutomationLogger - ▶️ TEST STARTED: tc01_addDorianShoesToCart
2026-05-09 01:23:02 [main] INFO  AutomationLogger - Test data loaded: [existingUser] from [testdata/users.json]
2026-05-09 01:23:02 [main] INFO  AutomationLogger - Clicked: By.cssSelector: a.skip-account
2026-05-09 01:23:02 [main] INFO  AutomationLogger - Opened account dropdown
2026-05-09 01:23:03 [main] ERROR AutomationLogger - ❌ TEST FAILED: tc01_addDorianShoesToCart
org.openqa.selenium.NoSuchSessionException: invalid session id: session deleted as the browser has closed the connection
from disconnected: not connected to DevTools
  (Session info: chrome=147.0.7727.138)
Build info: version: '4.21.0', revision: '79ed462ef4'
System info: os.name: 'Windows 11', os.arch: 'amd64', os.version: '10.0', java.version: '17.0.8'
Driver info: org.openqa.selenium.chrome.ChromeDriver
Command: [172917eeccda789cb169d7d12a883db9, findElement {using=css selector, value=#header-account a[href*='account/login']}]
Capabilities {acceptInsecureCerts: false, browserName: chrome, browserVersion: 147.0.7727.138, chrome: {chromedriverVersion: 147.0.7727.117 (474cc805edd..., userDataDir: C:\Users\OMARKH~1\AppData\L...}, fedcm:accounts: true, goog:chromeOptions: {debuggerAddress: localhost:60643}, goog:processID: 11596, networkConnectionEnabled: false, pageLoadStrategy: normal, platformName: windows, proxy: Proxy(), se:cdp: ws://localhost:60643/devtoo..., se:cdpVersion: 147.0.7727.138, setWindowRect: true, strictFileInteractability: false, timeouts: {implicit: 0, pageLoad: 300000, script: 30000}, unhandledPromptBehavior: dismiss and notify, webauthn:extension:credBlob: true, webauthn:extension:largeBlob: true, webauthn:extension:minPinLength: true, webauthn:extension:prf: true, webauthn:virtualAuthenticators: true}
Session ID: 172917eeccda789cb169d7d12a883db9
	at java.base/jdk.internal.reflect.NativeConstructorAccessorImpl.newInstance0(Native Method) ~[?:?]
	at java.base/jdk.internal.reflect.NativeConstructorAccessorImpl.newInstance(NativeConstructorAccessorImpl.java:77) ~[?:?]
	at java.base/jdk.internal.reflect.DelegatingConstructorAccessorImpl.newInstance(DelegatingConstructorAccessorImpl.java:45) ~[?:?]
	at java.base/java.lang.reflect.Constructor.newInstanceWithCaller(Constructor.java:499) ~[?:?]
	at java.base/java.lang.reflect.Constructor.newInstance(Constructor.java:480) ~[?:?]
	at org.openqa.selenium.remote.ErrorCodec.decode(ErrorCodec.java:167) ~[selenium-remote-driver-4.21.0.jar:?]
	at org.openqa.selenium.remote.codec.w3c.W3CHttpResponseCodec.decode(W3CHttpResponseCodec.java:138) ~[selenium-remote-driver-4.21.0.jar:?]
	at org.openqa.selenium.remote.codec.w3c.W3CHttpResponseCodec.decode(W3CHttpResponseCodec.java:50) ~[selenium-remote-driver-4.21.0.jar:?]
	at org.openqa.selenium.remote.HttpCommandExecutor.execute(HttpCommandExecutor.java:190) ~[selenium-remote-driver-4.21.0.jar:?]
	at org.openqa.selenium.remote.service.DriverCommandExecutor.invokeExecute(DriverCommandExecutor.java:216) ~[selenium-remote-driver-4.21.0.jar:?]
	at org.openqa.selenium.remote.service.DriverCommandExecutor.execute(DriverCommandExecutor.java:174) ~[selenium-remote-driver-4.21.0.jar:?]
	at org.openqa.selenium.remote.RemoteWebDriver.execute(RemoteWebDriver.java:518) ~[selenium-remote-driver-4.21.0.jar:?]
	at org.openqa.selenium.remote.ElementLocation$ElementFinder$2.findElement(ElementLocation.java:165) ~[selenium-remote-driver-4.21.0.jar:?]
	at org.openqa.selenium.remote.ElementLocation.findElement(ElementLocation.java:59) ~[selenium-remote-driver-4.21.0.jar:?]
	at org.openqa.selenium.remote.RemoteWebDriver.findElement(RemoteWebDriver.java:355) ~[selenium-remote-driver-4.21.0.jar:?]
	at org.openqa.selenium.remote.RemoteWebDriver.findElement(RemoteWebDriver.java:349) ~[selenium-remote-driver-4.21.0.jar:?]
	at org.openqa.selenium.support.ui.ExpectedConditions$7.apply(ExpectedConditions.java:194) ~[selenium-support-4.21.0.jar:?]
	at org.openqa.selenium.support.ui.ExpectedConditions$7.apply(ExpectedConditions.java:190) ~[selenium-support-4.21.0.jar:?]
	at org.openqa.selenium.support.ui.ExpectedConditions$22.apply(ExpectedConditions.java:627) ~[selenium-support-4.21.0.jar:?]
	at org.openqa.selenium.support.ui.ExpectedConditions$22.apply(ExpectedConditions.java:624) ~[selenium-support-4.21.0.jar:?]
	at org.openqa.selenium.support.ui.FluentWait.until(FluentWait.java:203) ~[selenium-support-4.21.0.jar:?]
	at com.axis.automation.utils.WaitUtils.waitForClickability(WaitUtils.java:69) ~[classes/:?]
	at com.axis.automation.utils.WaitUtils.waitForClickability(WaitUtils.java:64) ~[classes/:?]
	at com.axis.automation.components.HeaderComponent.clickLogin(HeaderComponent.java:51) ~[classes/:?]
	at com.axis.automation.tests.cart.AddToCartTests.tc01_addDorianShoesToCart(AddToCartTests.java:38) ~[test-classes/:?]
	at java.base/jdk.internal.reflect.NativeMethodAccessorImpl.invoke0(Native Method) ~[?:?]
	at java.base/jdk.internal.reflect.NativeMethodAccessorImpl.invoke(NativeMethodAccessorImpl.java:77) ~[?:?]
	at java.base/jdk.internal.reflect.DelegatingMethodAccessorImpl.invoke(DelegatingMethodAccessorImpl.java:43) ~[?:?]
	at java.base/java.lang.reflect.Method.invoke(Method.java:568) ~[?:?]
	at org.testng.internal.invokers.MethodInvocationHelper.invokeMethod(MethodInvocationHelper.java:141) ~[testng-7.10.2.jar:7.10.2]
	at org.testng.internal.invokers.TestInvoker.invokeMethod(TestInvoker.java:686) ~[testng-7.10.2.jar:7.10.2]
	at org.testng.internal.invokers.TestInvoker.retryFailed(TestInvoker.java:269) ~[testng-7.10.2.jar:7.10.2]
	at org.testng.internal.invokers.MethodRunner.runInSequence(MethodRunner.java:76) ~[testng-7.10.2.jar:7.10.2]
	at org.testng.internal.invokers.TestInvoker$MethodInvocationAgent.invoke(TestInvoker.java:992) ~[testng-7.10.2.jar:7.10.2]
	at org.testng.internal.invokers.TestInvoker.invokeTestMethods(TestInvoker.java:203) ~[testng-7.10.2.jar:7.10.2]
	at org.testng.internal.invokers.TestMethodWorker.invokeTestMethods(TestMethodWorker.java:154) ~[testng-7.10.2.jar:7.10.2]
	at org.testng.internal.invokers.TestMethodWorker.run(TestMethodWorker.java:134) ~[testng-7.10.2.jar:7.10.2]
	at java.base/java.util.ArrayList.forEach(ArrayList.java:1511) [?:?]
	at org.testng.TestRunner.privateRun(TestRunner.java:739) [testng-7.10.2.jar:7.10.2]
	at org.testng.TestRunner.run(TestRunner.java:614) [testng-7.10.2.jar:7.10.2]
	at org.testng.SuiteRunner.runTest(SuiteRunner.java:421) [testng-7.10.2.jar:7.10.2]
	at org.testng.SuiteRunner.runSequentially(SuiteRunner.java:413) [testng-7.10.2.jar:7.10.2]
	at org.testng.SuiteRunner.privateRun(SuiteRunner.java:373) [testng-7.10.2.jar:7.10.2]
	at org.testng.SuiteRunner.run(SuiteRunner.java:312) [testng-7.10.2.jar:7.10.2]
	at org.testng.SuiteRunnerWorker.runSuite(SuiteRunnerWorker.java:52) [testng-7.10.2.jar:7.10.2]
	at org.testng.SuiteRunnerWorker.run(SuiteRunnerWorker.java:95) [testng-7.10.2.jar:7.10.2]
	at org.testng.TestNG.runSuitesSequentially(TestNG.java:1274) [testng-7.10.2.jar:7.10.2]
	at org.testng.TestNG.runSuitesLocally(TestNG.java:1208) [testng-7.10.2.jar:7.10.2]
	at org.testng.TestNG.runSuites(TestNG.java:1112) [testng-7.10.2.jar:7.10.2]
	at org.testng.TestNG.run(TestNG.java:1079) [testng-7.10.2.jar:7.10.2]
	at com.intellij.rt.testng.IDEARemoteTestNG.run(IDEARemoteTestNG.java:66) [testng-rt.jar:?]
	at com.intellij.rt.testng.RemoteTestNGStarter.main(RemoteTestNGStarter.java:105) [testng-rt.jar:?]
2026-05-09 01:23:03 [main] ERROR AutomationLogger - Failed to capture screenshot: FAILED - tc01_addDorianShoesToCart
org.openqa.selenium.NoSuchSessionException: invalid session id
Build info: version: '4.21.0', revision: '79ed462ef4'
System info: os.name: 'Windows 11', os.arch: 'amd64', os.version: '10.0', java.version: '17.0.8'
Driver info: org.openqa.selenium.chrome.ChromeDriver
Command: [172917eeccda789cb169d7d12a883db9, screenshot {}]
Capabilities {acceptInsecureCerts: false, browserName: chrome, browserVersion: 147.0.7727.138, chrome: {chromedriverVersion: 147.0.7727.117 (474cc805edd..., userDataDir: C:\Users\OMARKH~1\AppData\L...}, fedcm:accounts: true, goog:chromeOptions: {debuggerAddress: localhost:60643}, goog:processID: 11596, networkConnectionEnabled: false, pageLoadStrategy: normal, platformName: windows, proxy: Proxy(), se:cdp: ws://localhost:60643/devtoo..., se:cdpVersion: 147.0.7727.138, setWindowRect: true, strictFileInteractability: false, timeouts: {implicit: 0, pageLoad: 300000, script: 30000}, unhandledPromptBehavior: dismiss and notify, webauthn:extension:credBlob: true, webauthn:extension:largeBlob: true, webauthn:extension:minPinLength: true, webauthn:extension:prf: true, webauthn:virtualAuthenticators: true}
Session ID: 172917eeccda789cb169d7d12a883db9
	at java.base/jdk.internal.reflect.NativeConstructorAccessorImpl.newInstance0(Native Method) ~[?:?]
	at java.base/jdk.internal.reflect.NativeConstructorAccessorImpl.newInstance(NativeConstructorAccessorImpl.java:77) ~[?:?]
	at java.base/jdk.internal.reflect.DelegatingConstructorAccessorImpl.newInstance(DelegatingConstructorAccessorImpl.java:45) ~[?:?]
	at java.base/java.lang.reflect.Constructor.newInstanceWithCaller(Constructor.java:499) ~[?:?]
	at java.base/java.lang.reflect.Constructor.newInstance(Constructor.java:480) ~[?:?]
	at org.openqa.selenium.remote.ErrorCodec.decode(ErrorCodec.java:167) ~[selenium-remote-driver-4.21.0.jar:?]
	at org.openqa.selenium.remote.codec.w3c.W3CHttpResponseCodec.decode(W3CHttpResponseCodec.java:138) ~[selenium-remote-driver-4.21.0.jar:?]
	at org.openqa.selenium.remote.codec.w3c.W3CHttpResponseCodec.decode(W3CHttpResponseCodec.java:50) ~[selenium-remote-driver-4.21.0.jar:?]
	at org.openqa.selenium.remote.HttpCommandExecutor.execute(HttpCommandExecutor.java:190) ~[selenium-remote-driver-4.21.0.jar:?]
	at org.openqa.selenium.remote.service.DriverCommandExecutor.invokeExecute(DriverCommandExecutor.java:216) ~[selenium-remote-driver-4.21.0.jar:?]
	at org.openqa.selenium.remote.service.DriverCommandExecutor.execute(DriverCommandExecutor.java:174) ~[selenium-remote-driver-4.21.0.jar:?]
	at org.openqa.selenium.remote.RemoteWebDriver.execute(RemoteWebDriver.java:518) ~[selenium-remote-driver-4.21.0.jar:?]
	at org.openqa.selenium.remote.RemoteWebDriver.execute(RemoteWebDriver.java:591) ~[selenium-remote-driver-4.21.0.jar:?]
	at org.openqa.selenium.remote.RemoteWebDriver.execute(RemoteWebDriver.java:595) ~[selenium-remote-driver-4.21.0.jar:?]
	at org.openqa.selenium.remote.RemoteWebDriver.getScreenshotAs(RemoteWebDriver.java:321) ~[selenium-remote-driver-4.21.0.jar:?]
	at com.axis.automation.utils.ScreenshotUtils.captureAndAttach(ScreenshotUtils.java:27) ~[classes/:?]
	at com.axis.automation.listeners.TestListener.onTestFailure(TestListener.java:29) ~[test-classes/:?]
	at org.testng.internal.TestListenerHelper.runTestListeners(TestListenerHelper.java:115) ~[testng-7.10.2.jar:7.10.2]
	at org.testng.internal.invokers.TestInvoker.runTestResultListener(TestInvoker.java:285) ~[testng-7.10.2.jar:7.10.2]
	at org.testng.internal.invokers.TestInvoker.invokeMethod(TestInvoker.java:774) ~[testng-7.10.2.jar:7.10.2]
	at org.testng.internal.invokers.TestInvoker.retryFailed(TestInvoker.java:269) ~[testng-7.10.2.jar:7.10.2]
	at org.testng.internal.invokers.MethodRunner.runInSequence(MethodRunner.java:76) ~[testng-7.10.2.jar:7.10.2]
	at org.testng.internal.invokers.TestInvoker$MethodInvocationAgent.invoke(TestInvoker.java:992) ~[testng-7.10.2.jar:7.10.2]
	at org.testng.internal.invokers.TestInvoker.invokeTestMethods(TestInvoker.java:203) ~[testng-7.10.2.jar:7.10.2]
	at org.testng.internal.invokers.TestMethodWorker.invokeTestMethods(TestMethodWorker.java:154) ~[testng-7.10.2.jar:7.10.2]
	at org.testng.internal.invokers.TestMethodWorker.run(TestMethodWorker.java:134) ~[testng-7.10.2.jar:7.10.2]
	at java.base/java.util.ArrayList.forEach(ArrayList.java:1511) [?:?]
	at org.testng.TestRunner.privateRun(TestRunner.java:739) [testng-7.10.2.jar:7.10.2]
	at org.testng.TestRunner.run(TestRunner.java:614) [testng-7.10.2.jar:7.10.2]
	at org.testng.SuiteRunner.runTest(SuiteRunner.java:421) [testng-7.10.2.jar:7.10.2]
	at org.testng.SuiteRunner.runSequentially(SuiteRunner.java:413) [testng-7.10.2.jar:7.10.2]
	at org.testng.SuiteRunner.privateRun(SuiteRunner.java:373) [testng-7.10.2.jar:7.10.2]
	at org.testng.SuiteRunner.run(SuiteRunner.java:312) [testng-7.10.2.jar:7.10.2]
	at org.testng.SuiteRunnerWorker.runSuite(SuiteRunnerWorker.java:52) [testng-7.10.2.jar:7.10.2]
	at org.testng.SuiteRunnerWorker.run(SuiteRunnerWorker.java:95) [testng-7.10.2.jar:7.10.2]
	at org.testng.TestNG.runSuitesSequentially(TestNG.java:1274) [testng-7.10.2.jar:7.10.2]
	at org.testng.TestNG.runSuitesLocally(TestNG.java:1208) [testng-7.10.2.jar:7.10.2]
	at org.testng.TestNG.runSuites(TestNG.java:1112) [testng-7.10.2.jar:7.10.2]
	at org.testng.TestNG.run(TestNG.java:1079) [testng-7.10.2.jar:7.10.2]
	at com.intellij.rt.testng.IDEARemoteTestNG.run(IDEARemoteTestNG.java:66) [testng-rt.jar:?]
	at com.intellij.rt.testng.RemoteTestNGStarter.main(RemoteTestNGStarter.java:105) [testng-rt.jar:?]
2026-05-09 01:23:03 [main] ERROR AutomationLogger - ❌ FAILED: tc01_addDorianShoesToCart
org.openqa.selenium.NoSuchSessionException: invalid session id: session deleted as the browser has closed the connection
from disconnected: not connected to DevTools
  (Session info: chrome=147.0.7727.138)
Build info: version: '4.21.0', revision: '79ed462ef4'
System info: os.name: 'Windows 11', os.arch: 'amd64', os.version: '10.0', java.version: '17.0.8'
Driver info: org.openqa.selenium.chrome.ChromeDriver
Command: [172917eeccda789cb169d7d12a883db9, findElement {using=css selector, value=#header-account a[href*='account/login']}]
Capabilities {acceptInsecureCerts: false, browserName: chrome, browserVersion: 147.0.7727.138, chrome: {chromedriverVersion: 147.0.7727.117 (474cc805edd..., userDataDir: C:\Users\OMARKH~1\AppData\L...}, fedcm:accounts: true, goog:chromeOptions: {debuggerAddress: localhost:60643}, goog:processID: 11596, networkConnectionEnabled: false, pageLoadStrategy: normal, platformName: windows, proxy: Proxy(), se:cdp: ws://localhost:60643/devtoo..., se:cdpVersion: 147.0.7727.138, setWindowRect: true, strictFileInteractability: false, timeouts: {implicit: 0, pageLoad: 300000, script: 30000}, unhandledPromptBehavior: dismiss and notify, webauthn:extension:credBlob: true, webauthn:extension:largeBlob: true, webauthn:extension:minPinLength: true, webauthn:extension:prf: true, webauthn:virtualAuthenticators: true}
Session ID: 172917eeccda789cb169d7d12a883db9
	at java.base/jdk.internal.reflect.NativeConstructorAccessorImpl.newInstance0(Native Method) ~[?:?]
	at java.base/jdk.internal.reflect.NativeConstructorAccessorImpl.newInstance(NativeConstructorAccessorImpl.java:77) ~[?:?]
	at java.base/jdk.internal.reflect.DelegatingConstructorAccessorImpl.newInstance(DelegatingConstructorAccessorImpl.java:45) ~[?:?]
	at java.base/java.lang.reflect.Constructor.newInstanceWithCaller(Constructor.java:499) ~[?:?]
	at java.base/java.lang.reflect.Constructor.newInstance(Constructor.java:480) ~[?:?]
	at org.openqa.selenium.remote.ErrorCodec.decode(ErrorCodec.java:167) ~[selenium-remote-driver-4.21.0.jar:?]
	at org.openqa.selenium.remote.codec.w3c.W3CHttpResponseCodec.decode(W3CHttpResponseCodec.java:138) ~[selenium-remote-driver-4.21.0.jar:?]
	at org.openqa.selenium.remote.codec.w3c.W3CHttpResponseCodec.decode(W3CHttpResponseCodec.java:50) ~[selenium-remote-driver-4.21.0.jar:?]
	at org.openqa.selenium.remote.HttpCommandExecutor.execute(HttpCommandExecutor.java:190) ~[selenium-remote-driver-4.21.0.jar:?]
	at org.openqa.selenium.remote.service.DriverCommandExecutor.invokeExecute(DriverCommandExecutor.java:216) ~[selenium-remote-driver-4.21.0.jar:?]
	at org.openqa.selenium.remote.service.DriverCommandExecutor.execute(DriverCommandExecutor.java:174) ~[selenium-remote-driver-4.21.0.jar:?]
	at org.openqa.selenium.remote.RemoteWebDriver.execute(RemoteWebDriver.java:518) ~[selenium-remote-driver-4.21.0.jar:?]
	at org.openqa.selenium.remote.ElementLocation$ElementFinder$2.findElement(ElementLocation.java:165) ~[selenium-remote-driver-4.21.0.jar:?]
	at org.openqa.selenium.remote.ElementLocation.findElement(ElementLocation.java:59) ~[selenium-remote-driver-4.21.0.jar:?]
	at org.openqa.selenium.remote.RemoteWebDriver.findElement(RemoteWebDriver.java:355) ~[selenium-remote-driver-4.21.0.jar:?]
	at org.openqa.selenium.remote.RemoteWebDriver.findElement(RemoteWebDriver.java:349) ~[selenium-remote-driver-4.21.0.jar:?]
	at org.openqa.selenium.support.ui.ExpectedConditions$7.apply(ExpectedConditions.java:194) ~[selenium-support-4.21.0.jar:?]
	at org.openqa.selenium.support.ui.ExpectedConditions$7.apply(ExpectedConditions.java:190) ~[selenium-support-4.21.0.jar:?]
	at org.openqa.selenium.support.ui.ExpectedConditions$22.apply(ExpectedConditions.java:627) ~[selenium-support-4.21.0.jar:?]
	at org.openqa.selenium.support.ui.ExpectedConditions$22.apply(ExpectedConditions.java:624) ~[selenium-support-4.21.0.jar:?]
	at org.openqa.selenium.support.ui.FluentWait.until(FluentWait.java:203) ~[selenium-support-4.21.0.jar:?]
	at com.axis.automation.utils.WaitUtils.waitForClickability(WaitUtils.java:69) ~[classes/:?]
	at com.axis.automation.utils.WaitUtils.waitForClickability(WaitUtils.java:64) ~[classes/:?]
	at com.axis.automation.components.HeaderComponent.clickLogin(HeaderComponent.java:51) ~[classes/:?]
	at com.axis.automation.tests.cart.AddToCartTests.tc01_addDorianShoesToCart(AddToCartTests.java:38) ~[test-classes/:?]
	at java.base/jdk.internal.reflect.NativeMethodAccessorImpl.invoke0(Native Method) ~[?:?]
	at java.base/jdk.internal.reflect.NativeMethodAccessorImpl.invoke(NativeMethodAccessorImpl.java:77) ~[?:?]
	at java.base/jdk.internal.reflect.DelegatingMethodAccessorImpl.invoke(DelegatingMethodAccessorImpl.java:43) ~[?:?]
	at java.base/java.lang.reflect.Method.invoke(Method.java:568) ~[?:?]
	at org.testng.internal.invokers.MethodInvocationHelper.invokeMethod(MethodInvocationHelper.java:141) ~[testng-7.10.2.jar:7.10.2]
	at org.testng.internal.invokers.TestInvoker.invokeMethod(TestInvoker.java:686) ~[testng-7.10.2.jar:7.10.2]
	at org.testng.internal.invokers.TestInvoker.retryFailed(TestInvoker.java:269) ~[testng-7.10.2.jar:7.10.2]
	at org.testng.internal.invokers.MethodRunner.runInSequence(MethodRunner.java:76) ~[testng-7.10.2.jar:7.10.2]
	at org.testng.internal.invokers.TestInvoker$MethodInvocationAgent.invoke(TestInvoker.java:992) ~[testng-7.10.2.jar:7.10.2]
	at org.testng.internal.invokers.TestInvoker.invokeTestMethods(TestInvoker.java:203) ~[testng-7.10.2.jar:7.10.2]
	at org.testng.internal.invokers.TestMethodWorker.invokeTestMethods(TestMethodWorker.java:154) ~[testng-7.10.2.jar:7.10.2]
	at org.testng.internal.invokers.TestMethodWorker.run(TestMethodWorker.java:134) ~[testng-7.10.2.jar:7.10.2]
	at java.base/java.util.ArrayList.forEach(ArrayList.java:1511) [?:?]
	at org.testng.TestRunner.privateRun(TestRunner.java:739) [testng-7.10.2.jar:7.10.2]
	at org.testng.TestRunner.run(TestRunner.java:614) [testng-7.10.2.jar:7.10.2]
	at org.testng.SuiteRunner.runTest(SuiteRunner.java:421) [testng-7.10.2.jar:7.10.2]
	at org.testng.SuiteRunner.runSequentially(SuiteRunner.java:413) [testng-7.10.2.jar:7.10.2]
	at org.testng.SuiteRunner.privateRun(SuiteRunner.java:373) [testng-7.10.2.jar:7.10.2]
	at org.testng.SuiteRunner.run(SuiteRunner.java:312) [testng-7.10.2.jar:7.10.2]
	at org.testng.SuiteRunnerWorker.runSuite(SuiteRunnerWorker.java:52) [testng-7.10.2.jar:7.10.2]
	at org.testng.SuiteRunnerWorker.run(SuiteRunnerWorker.java:95) [testng-7.10.2.jar:7.10.2]
	at org.testng.TestNG.runSuitesSequentially(TestNG.java:1274) [testng-7.10.2.jar:7.10.2]
	at org.testng.TestNG.runSuitesLocally(TestNG.java:1208) [testng-7.10.2.jar:7.10.2]
	at org.testng.TestNG.runSuites(TestNG.java:1112) [testng-7.10.2.jar:7.10.2]
	at org.testng.TestNG.run(TestNG.java:1079) [testng-7.10.2.jar:7.10.2]
	at com.intellij.rt.testng.IDEARemoteTestNG.run(IDEARemoteTestNG.java:66) [testng-rt.jar:?]
	at com.intellij.rt.testng.RemoteTestNGStarter.main(RemoteTestNGStarter.java:105) [testng-rt.jar:?]
2026-05-09 01:23:03 [main] INFO  AutomationLogger - Browser closed after: tc01_addDorianShoesToCart
2026-05-09 01:25:11 [main] INFO  AutomationLogger - Browser launched: chrome | URL: https://ecommerce.tealiumdemo.com
2026-05-09 01:25:12 [main] INFO  AutomationLogger - Clicked: By.cssSelector: input#privacy_pref_optin
2026-05-09 01:25:12 [main] INFO  AutomationLogger - Consent modal detected — selected Opt-In
2026-05-09 01:25:12 [main] INFO  AutomationLogger - Clicked: By.cssSelector: div#consent_prompt_submit
2026-05-09 01:25:12 [main] INFO  AutomationLogger - Consent modal dismissed successfully
2026-05-09 01:25:12 [main] INFO  AutomationLogger - ▶️ TEST STARTED: tc01_addDorianShoesToCart
2026-05-09 01:25:14 [main] INFO  AutomationLogger - Test data loaded: [existingUser] from [testdata/users.json]
2026-05-09 01:25:14 [main] INFO  AutomationLogger - Clicked: By.cssSelector: a.skip-account
2026-05-09 01:25:14 [main] INFO  AutomationLogger - Opened account dropdown
2026-05-09 01:25:15 [main] INFO  AutomationLogger - Clicked: By.cssSelector: #header-account a[href*='account/login']
2026-05-09 01:25:15 [main] INFO  AutomationLogger - Clicked Log In from header
2026-05-09 01:25:17 [main] INFO  AutomationLogger - Typed 'o.khaledomar98@gmail.com' into: By.id: email
2026-05-09 01:25:17 [main] INFO  AutomationLogger - Entered email: o.khaledomar98@gmail.com
2026-05-09 01:25:17 [main] INFO  AutomationLogger - Typed '1234567' into: By.id: pass
2026-05-09 01:25:17 [main] INFO  AutomationLogger - Entered password
2026-05-09 01:25:17 [main] INFO  AutomationLogger - Scrolled to: By.id: send2
2026-05-09 01:25:19 [main] INFO  AutomationLogger - JS Clicked: By.id: send2
2026-05-09 01:25:19 [main] INFO  AutomationLogger - Clicked Login button
2026-05-09 01:25:19 [main] INFO  AutomationLogger - Login submitted — transitioning to Account Dashboard
2026-05-09 01:25:19 [main] INFO  AutomationLogger - Account dashboard loaded successfully
2026-05-09 01:25:19 [main] INFO  AutomationLogger - Hovered over: By.cssSelector: li.nav-3 > a
2026-05-09 01:25:19 [main] INFO  AutomationLogger - Hovered over Accessories menu
2026-05-09 01:25:19 [main] INFO  AutomationLogger - Clicked: By.cssSelector: a[href*='accessories/shoes']
2026-05-09 01:25:19 [main] INFO  AutomationLogger - Clicked Shoes from Accessories submenu
2026-05-09 01:25:23 [main] INFO  AutomationLogger - Selected 'Price' from: By.cssSelector: div.sort-by select
2026-05-09 01:25:23 [main] INFO  AutomationLogger - Sorted by Price low to high
2026-05-09 01:25:23 [main] INFO  AutomationLogger - Product prices found: [210.0, 310.0, 375.0, 390.0, 410.0, 470.0]
2026-05-09 01:25:23 [main] INFO  AutomationLogger - Found product: DORIAN PERFORATED OXFORD — navigating to: https://ecommerce.tealiumdemo.com/accessories/shoes/dorian-preforated-oxford-558.html
2026-05-09 01:25:32 [main] INFO  AutomationLogger - Product details page loaded — btn-cart confirmed
2026-05-09 01:25:33 [main] INFO  AutomationLogger - Scrolled to element: [[ChromeDriver: chrome on windows (ce3c1ec782792e0e8b91a48f8dafdad1)] -> css selector: ul#configurable_swatch_color li a]
2026-05-09 01:25:33 [main] INFO  AutomationLogger - Fired MouseEvent click on: [[ChromeDriver: chrome on windows (ce3c1ec782792e0e8b91a48f8dafdad1)] -> css selector: ul#configurable_swatch_color li a]
2026-05-09 01:25:33 [main] INFO  AutomationLogger - Selected first available color: Black
2026-05-09 01:25:38 [main] INFO  AutomationLogger - Color 'Black' selected: false — class not updated yet
2026-05-09 01:25:38 [main] WARN  AutomationLogger - Retrying test [tc01_addDorianShoesToCart] - Attempt: 1
2026-05-09 01:25:38 [main] WARN  AutomationLogger - ⏭️ TEST SKIPPED: tc01_addDorianShoesToCart
2026-05-09 01:25:38 [main] WARN  AutomationLogger - ⏭️ SKIPPED: tc01_addDorianShoesToCart
2026-05-09 01:25:38 [main] INFO  AutomationLogger - Browser closed after: tc01_addDorianShoesToCart
2026-05-09 01:25:42 [main] INFO  AutomationLogger - Browser launched: chrome | URL: https://ecommerce.tealiumdemo.com
2026-05-09 01:25:47 [main] INFO  AutomationLogger - Consent modal not present — continuing normally
2026-05-09 01:25:47 [main] INFO  AutomationLogger - ▶️ TEST STARTED: tc01_addDorianShoesToCart
2026-05-09 01:25:47 [main] INFO  AutomationLogger - Test data loaded: [existingUser] from [testdata/users.json]
2026-05-09 01:25:57 [main] WARN  AutomationLogger - Retrying test [tc01_addDorianShoesToCart] - Attempt: 2
2026-05-09 01:25:57 [main] WARN  AutomationLogger - ⏭️ TEST SKIPPED: tc01_addDorianShoesToCart
2026-05-09 01:25:57 [main] WARN  AutomationLogger - ⏭️ SKIPPED: tc01_addDorianShoesToCart
2026-05-09 01:25:57 [main] INFO  AutomationLogger - Browser closed after: tc01_addDorianShoesToCart
2026-05-09 01:26:02 [main] INFO  AutomationLogger - Browser launched: chrome | URL: https://ecommerce.tealiumdemo.com
2026-05-09 01:26:02 [main] INFO  AutomationLogger - Clicked: By.cssSelector: input#privacy_pref_optin
2026-05-09 01:26:02 [main] INFO  AutomationLogger - Consent modal detected — selected Opt-In
2026-05-09 01:26:02 [main] INFO  AutomationLogger - Clicked: By.cssSelector: div#consent_prompt_submit
2026-05-09 01:26:02 [main] INFO  AutomationLogger - Consent modal dismissed successfully
2026-05-09 01:26:02 [main] INFO  AutomationLogger - ▶️ TEST STARTED: tc01_addDorianShoesToCart
2026-05-09 01:26:02 [main] INFO  AutomationLogger - Test data loaded: [existingUser] from [testdata/users.json]
2026-05-09 01:26:02 [main] INFO  AutomationLogger - Clicked: By.cssSelector: a.skip-account
2026-05-09 01:26:02 [main] INFO  AutomationLogger - Opened account dropdown
2026-05-09 01:26:03 [main] INFO  AutomationLogger - Clicked: By.cssSelector: #header-account a[href*='account/login']
2026-05-09 01:26:03 [main] INFO  AutomationLogger - Clicked Log In from header
2026-05-09 01:26:14 [main] ERROR AutomationLogger - ❌ TEST FAILED: tc01_addDorianShoesToCart
org.openqa.selenium.TimeoutException: Expected condition failed: waiting for visibility of element located by By.id: email (tried for 10 second(s) with 500 milliseconds interval)
	at org.openqa.selenium.support.ui.WebDriverWait.timeoutException(WebDriverWait.java:84) ~[selenium-support-4.21.0.jar:?]
	at org.openqa.selenium.support.ui.FluentWait.until(FluentWait.java:228) ~[selenium-support-4.21.0.jar:?]
	at com.axis.automation.core.BasePage.type(BasePage.java:74) ~[classes/:?]
	at com.axis.automation.pages.LoginPage.enterEmail(LoginPage.java:34) ~[classes/:?]
	at com.axis.automation.pages.LoginPage.login(LoginPage.java:58) ~[classes/:?]
	at com.axis.automation.tests.cart.AddToCartTests.tc01_addDorianShoesToCart(AddToCartTests.java:39) ~[test-classes/:?]
	at java.base/jdk.internal.reflect.NativeMethodAccessorImpl.invoke0(Native Method) ~[?:?]
	at java.base/jdk.internal.reflect.NativeMethodAccessorImpl.invoke(NativeMethodAccessorImpl.java:77) ~[?:?]
	at java.base/jdk.internal.reflect.DelegatingMethodAccessorImpl.invoke(DelegatingMethodAccessorImpl.java:43) ~[?:?]
	at java.base/java.lang.reflect.Method.invoke(Method.java:568) ~[?:?]
	at org.testng.internal.invokers.MethodInvocationHelper.invokeMethod(MethodInvocationHelper.java:141) ~[testng-7.10.2.jar:7.10.2]
	at org.testng.internal.invokers.TestInvoker.invokeMethod(TestInvoker.java:686) ~[testng-7.10.2.jar:7.10.2]
	at org.testng.internal.invokers.TestInvoker.retryFailed(TestInvoker.java:269) ~[testng-7.10.2.jar:7.10.2]
	at org.testng.internal.invokers.MethodRunner.runInSequence(MethodRunner.java:76) ~[testng-7.10.2.jar:7.10.2]
	at org.testng.internal.invokers.TestInvoker$MethodInvocationAgent.invoke(TestInvoker.java:992) ~[testng-7.10.2.jar:7.10.2]
	at org.testng.internal.invokers.TestInvoker.invokeTestMethods(TestInvoker.java:203) ~[testng-7.10.2.jar:7.10.2]
	at org.testng.internal.invokers.TestMethodWorker.invokeTestMethods(TestMethodWorker.java:154) ~[testng-7.10.2.jar:7.10.2]
	at org.testng.internal.invokers.TestMethodWorker.run(TestMethodWorker.java:134) ~[testng-7.10.2.jar:7.10.2]
	at java.base/java.util.ArrayList.forEach(ArrayList.java:1511) [?:?]
	at org.testng.TestRunner.privateRun(TestRunner.java:739) [testng-7.10.2.jar:7.10.2]
	at org.testng.TestRunner.run(TestRunner.java:614) [testng-7.10.2.jar:7.10.2]
	at org.testng.SuiteRunner.runTest(SuiteRunner.java:421) [testng-7.10.2.jar:7.10.2]
	at org.testng.SuiteRunner.runSequentially(SuiteRunner.java:413) [testng-7.10.2.jar:7.10.2]
	at org.testng.SuiteRunner.privateRun(SuiteRunner.java:373) [testng-7.10.2.jar:7.10.2]
	at org.testng.SuiteRunner.run(SuiteRunner.java:312) [testng-7.10.2.jar:7.10.2]
	at org.testng.SuiteRunnerWorker.runSuite(SuiteRunnerWorker.java:52) [testng-7.10.2.jar:7.10.2]
	at org.testng.SuiteRunnerWorker.run(SuiteRunnerWorker.java:95) [testng-7.10.2.jar:7.10.2]
	at org.testng.TestNG.runSuitesSequentially(TestNG.java:1274) [testng-7.10.2.jar:7.10.2]
	at org.testng.TestNG.runSuitesLocally(TestNG.java:1208) [testng-7.10.2.jar:7.10.2]
	at org.testng.TestNG.runSuites(TestNG.java:1112) [testng-7.10.2.jar:7.10.2]
	at org.testng.TestNG.run(TestNG.java:1079) [testng-7.10.2.jar:7.10.2]
	at com.intellij.rt.testng.IDEARemoteTestNG.run(IDEARemoteTestNG.java:66) [testng-rt.jar:?]
	at com.intellij.rt.testng.RemoteTestNGStarter.main(RemoteTestNGStarter.java:105) [testng-rt.jar:?]
Caused by: org.openqa.selenium.NoSuchWindowException: no such window: target window already closed
from unknown error: web view not found
  (Session info: chrome=147.0.7727.138)
Build info: version: '4.21.0', revision: '79ed462ef4'
System info: os.name: 'Windows 11', os.arch: 'amd64', os.version: '10.0', java.version: '17.0.8'
Driver info: org.openqa.selenium.chrome.ChromeDriver
Command: [bacad3f9683f290eacf7661d572bae7e, findElement {using=id, value=email}]
Capabilities {acceptInsecureCerts: false, browserName: chrome, browserVersion: 147.0.7727.138, chrome: {chromedriverVersion: 147.0.7727.117 (474cc805edd..., userDataDir: C:\Users\OMARKH~1\AppData\L...}, fedcm:accounts: true, goog:chromeOptions: {debuggerAddress: localhost:49826}, goog:processID: 2980, networkConnectionEnabled: false, pageLoadStrategy: normal, platformName: windows, proxy: Proxy(), se:cdp: ws://localhost:49826/devtoo..., se:cdpVersion: 147.0.7727.138, setWindowRect: true, strictFileInteractability: false, timeouts: {implicit: 0, pageLoad: 300000, script: 30000}, unhandledPromptBehavior: dismiss and notify, webauthn:extension:credBlob: true, webauthn:extension:largeBlob: true, webauthn:extension:minPinLength: true, webauthn:extension:prf: true, webauthn:virtualAuthenticators: true}
Session ID: bacad3f9683f290eacf7661d572bae7e
	at jdk.internal.reflect.GeneratedConstructorAccessor19.newInstance(Unknown Source) ~[?:?]
	at java.base/jdk.internal.reflect.DelegatingConstructorAccessorImpl.newInstance(DelegatingConstructorAccessorImpl.java:45) ~[?:?]
	at java.base/java.lang.reflect.Constructor.newInstanceWithCaller(Constructor.java:499) ~[?:?]
	at java.base/java.lang.reflect.Constructor.newInstance(Constructor.java:480) ~[?:?]
	at org.openqa.selenium.remote.ErrorCodec.decode(ErrorCodec.java:167) ~[selenium-remote-driver-4.21.0.jar:?]
	at org.openqa.selenium.remote.codec.w3c.W3CHttpResponseCodec.decode(W3CHttpResponseCodec.java:138) ~[selenium-remote-driver-4.21.0.jar:?]
	at org.openqa.selenium.remote.codec.w3c.W3CHttpResponseCodec.decode(W3CHttpResponseCodec.java:50) ~[selenium-remote-driver-4.21.0.jar:?]
	at org.openqa.selenium.remote.HttpCommandExecutor.execute(HttpCommandExecutor.java:190) ~[selenium-remote-driver-4.21.0.jar:?]
	at org.openqa.selenium.remote.service.DriverCommandExecutor.invokeExecute(DriverCommandExecutor.java:216) ~[selenium-remote-driver-4.21.0.jar:?]
	at org.openqa.selenium.remote.service.DriverCommandExecutor.execute(DriverCommandExecutor.java:174) ~[selenium-remote-driver-4.21.0.jar:?]
	at org.openqa.selenium.remote.RemoteWebDriver.execute(RemoteWebDriver.java:518) ~[selenium-remote-driver-4.21.0.jar:?]
	at org.openqa.selenium.remote.ElementLocation$ElementFinder$2.findElement(ElementLocation.java:165) ~[selenium-remote-driver-4.21.0.jar:?]
	at org.openqa.selenium.remote.ElementLocation.findElement(ElementLocation.java:59) ~[selenium-remote-driver-4.21.0.jar:?]
	at org.openqa.selenium.remote.RemoteWebDriver.findElement(RemoteWebDriver.java:355) ~[selenium-remote-driver-4.21.0.jar:?]
	at org.openqa.selenium.remote.RemoteWebDriver.findElement(RemoteWebDriver.java:349) ~[selenium-remote-driver-4.21.0.jar:?]
	at org.openqa.selenium.support.ui.ExpectedConditions$7.apply(ExpectedConditions.java:194) ~[selenium-support-4.21.0.jar:?]
	at org.openqa.selenium.support.ui.ExpectedConditions$7.apply(ExpectedConditions.java:190) ~[selenium-support-4.21.0.jar:?]
	at org.openqa.selenium.support.ui.FluentWait.until(FluentWait.java:203) ~[selenium-support-4.21.0.jar:?]
	... 31 more
2026-05-09 01:26:14 [main] ERROR AutomationLogger - Failed to capture screenshot: FAILED - tc01_addDorianShoesToCart
org.openqa.selenium.NoSuchWindowException: no such window: target window already closed
from unknown error: web view not found
  (Session info: chrome=147.0.7727.138)
Build info: version: '4.21.0', revision: '79ed462ef4'
System info: os.name: 'Windows 11', os.arch: 'amd64', os.version: '10.0', java.version: '17.0.8'
Driver info: org.openqa.selenium.chrome.ChromeDriver
Command: [bacad3f9683f290eacf7661d572bae7e, screenshot {}]
Capabilities {acceptInsecureCerts: false, browserName: chrome, browserVersion: 147.0.7727.138, chrome: {chromedriverVersion: 147.0.7727.117 (474cc805edd..., userDataDir: C:\Users\OMARKH~1\AppData\L...}, fedcm:accounts: true, goog:chromeOptions: {debuggerAddress: localhost:49826}, goog:processID: 2980, networkConnectionEnabled: false, pageLoadStrategy: normal, platformName: windows, proxy: Proxy(), se:cdp: ws://localhost:49826/devtoo..., se:cdpVersion: 147.0.7727.138, setWindowRect: true, strictFileInteractability: false, timeouts: {implicit: 0, pageLoad: 300000, script: 30000}, unhandledPromptBehavior: dismiss and notify, webauthn:extension:credBlob: true, webauthn:extension:largeBlob: true, webauthn:extension:minPinLength: true, webauthn:extension:prf: true, webauthn:virtualAuthenticators: true}
Session ID: bacad3f9683f290eacf7661d572bae7e
	at jdk.internal.reflect.GeneratedConstructorAccessor19.newInstance(Unknown Source) ~[?:?]
	at java.base/jdk.internal.reflect.DelegatingConstructorAccessorImpl.newInstance(DelegatingConstructorAccessorImpl.java:45) ~[?:?]
	at java.base/java.lang.reflect.Constructor.newInstanceWithCaller(Constructor.java:499) ~[?:?]
	at java.base/java.lang.reflect.Constructor.newInstance(Constructor.java:480) ~[?:?]
	at org.openqa.selenium.remote.ErrorCodec.decode(ErrorCodec.java:167) ~[selenium-remote-driver-4.21.0.jar:?]
	at org.openqa.selenium.remote.codec.w3c.W3CHttpResponseCodec.decode(W3CHttpResponseCodec.java:138) ~[selenium-remote-driver-4.21.0.jar:?]
	at org.openqa.selenium.remote.codec.w3c.W3CHttpResponseCodec.decode(W3CHttpResponseCodec.java:50) ~[selenium-remote-driver-4.21.0.jar:?]
	at org.openqa.selenium.remote.HttpCommandExecutor.execute(HttpCommandExecutor.java:190) ~[selenium-remote-driver-4.21.0.jar:?]
	at org.openqa.selenium.remote.service.DriverCommandExecutor.invokeExecute(DriverCommandExecutor.java:216) ~[selenium-remote-driver-4.21.0.jar:?]
	at org.openqa.selenium.remote.service.DriverCommandExecutor.execute(DriverCommandExecutor.java:174) ~[selenium-remote-driver-4.21.0.jar:?]
	at org.openqa.selenium.remote.RemoteWebDriver.execute(RemoteWebDriver.java:518) ~[selenium-remote-driver-4.21.0.jar:?]
	at org.openqa.selenium.remote.RemoteWebDriver.execute(RemoteWebDriver.java:591) ~[selenium-remote-driver-4.21.0.jar:?]
	at org.openqa.selenium.remote.RemoteWebDriver.execute(RemoteWebDriver.java:595) ~[selenium-remote-driver-4.21.0.jar:?]
	at org.openqa.selenium.remote.RemoteWebDriver.getScreenshotAs(RemoteWebDriver.java:321) ~[selenium-remote-driver-4.21.0.jar:?]
	at com.axis.automation.utils.ScreenshotUtils.captureAndAttach(ScreenshotUtils.java:27) ~[classes/:?]
	at com.axis.automation.listeners.TestListener.onTestFailure(TestListener.java:29) ~[test-classes/:?]
	at org.testng.internal.TestListenerHelper.runTestListeners(TestListenerHelper.java:115) ~[testng-7.10.2.jar:7.10.2]
	at org.testng.internal.invokers.TestInvoker.runTestResultListener(TestInvoker.java:285) ~[testng-7.10.2.jar:7.10.2]
	at org.testng.internal.invokers.TestInvoker.invokeMethod(TestInvoker.java:774) ~[testng-7.10.2.jar:7.10.2]
	at org.testng.internal.invokers.TestInvoker.retryFailed(TestInvoker.java:269) ~[testng-7.10.2.jar:7.10.2]
	at org.testng.internal.invokers.MethodRunner.runInSequence(MethodRunner.java:76) ~[testng-7.10.2.jar:7.10.2]
	at org.testng.internal.invokers.TestInvoker$MethodInvocationAgent.invoke(TestInvoker.java:992) ~[testng-7.10.2.jar:7.10.2]
	at org.testng.internal.invokers.TestInvoker.invokeTestMethods(TestInvoker.java:203) ~[testng-7.10.2.jar:7.10.2]
	at org.testng.internal.invokers.TestMethodWorker.invokeTestMethods(TestMethodWorker.java:154) ~[testng-7.10.2.jar:7.10.2]
	at org.testng.internal.invokers.TestMethodWorker.run(TestMethodWorker.java:134) ~[testng-7.10.2.jar:7.10.2]
	at java.base/java.util.ArrayList.forEach(ArrayList.java:1511) [?:?]
	at org.testng.TestRunner.privateRun(TestRunner.java:739) [testng-7.10.2.jar:7.10.2]
	at org.testng.TestRunner.run(TestRunner.java:614) [testng-7.10.2.jar:7.10.2]
	at org.testng.SuiteRunner.runTest(SuiteRunner.java:421) [testng-7.10.2.jar:7.10.2]
	at org.testng.SuiteRunner.runSequentially(SuiteRunner.java:413) [testng-7.10.2.jar:7.10.2]
	at org.testng.SuiteRunner.privateRun(SuiteRunner.java:373) [testng-7.10.2.jar:7.10.2]
	at org.testng.SuiteRunner.run(SuiteRunner.java:312) [testng-7.10.2.jar:7.10.2]
	at org.testng.SuiteRunnerWorker.runSuite(SuiteRunnerWorker.java:52) [testng-7.10.2.jar:7.10.2]
	at org.testng.SuiteRunnerWorker.run(SuiteRunnerWorker.java:95) [testng-7.10.2.jar:7.10.2]
	at org.testng.TestNG.runSuitesSequentially(TestNG.java:1274) [testng-7.10.2.jar:7.10.2]
	at org.testng.TestNG.runSuitesLocally(TestNG.java:1208) [testng-7.10.2.jar:7.10.2]
	at org.testng.TestNG.runSuites(TestNG.java:1112) [testng-7.10.2.jar:7.10.2]
	at org.testng.TestNG.run(TestNG.java:1079) [testng-7.10.2.jar:7.10.2]
	at com.intellij.rt.testng.IDEARemoteTestNG.run(IDEARemoteTestNG.java:66) [testng-rt.jar:?]
	at com.intellij.rt.testng.RemoteTestNGStarter.main(RemoteTestNGStarter.java:105) [testng-rt.jar:?]
2026-05-09 01:26:14 [main] ERROR AutomationLogger - ❌ FAILED: tc01_addDorianShoesToCart
org.openqa.selenium.TimeoutException: Expected condition failed: waiting for visibility of element located by By.id: email (tried for 10 second(s) with 500 milliseconds interval)
	at org.openqa.selenium.support.ui.WebDriverWait.timeoutException(WebDriverWait.java:84) ~[selenium-support-4.21.0.jar:?]
	at org.openqa.selenium.support.ui.FluentWait.until(FluentWait.java:228) ~[selenium-support-4.21.0.jar:?]
	at com.axis.automation.core.BasePage.type(BasePage.java:74) ~[classes/:?]
	at com.axis.automation.pages.LoginPage.enterEmail(LoginPage.java:34) ~[classes/:?]
	at com.axis.automation.pages.LoginPage.login(LoginPage.java:58) ~[classes/:?]
	at com.axis.automation.tests.cart.AddToCartTests.tc01_addDorianShoesToCart(AddToCartTests.java:39) ~[test-classes/:?]
	at java.base/jdk.internal.reflect.NativeMethodAccessorImpl.invoke0(Native Method) ~[?:?]
	at java.base/jdk.internal.reflect.NativeMethodAccessorImpl.invoke(NativeMethodAccessorImpl.java:77) ~[?:?]
	at java.base/jdk.internal.reflect.DelegatingMethodAccessorImpl.invoke(DelegatingMethodAccessorImpl.java:43) ~[?:?]
	at java.base/java.lang.reflect.Method.invoke(Method.java:568) ~[?:?]
	at org.testng.internal.invokers.MethodInvocationHelper.invokeMethod(MethodInvocationHelper.java:141) ~[testng-7.10.2.jar:7.10.2]
	at org.testng.internal.invokers.TestInvoker.invokeMethod(TestInvoker.java:686) ~[testng-7.10.2.jar:7.10.2]
	at org.testng.internal.invokers.TestInvoker.retryFailed(TestInvoker.java:269) ~[testng-7.10.2.jar:7.10.2]
	at org.testng.internal.invokers.MethodRunner.runInSequence(MethodRunner.java:76) ~[testng-7.10.2.jar:7.10.2]
	at org.testng.internal.invokers.TestInvoker$MethodInvocationAgent.invoke(TestInvoker.java:992) ~[testng-7.10.2.jar:7.10.2]
	at org.testng.internal.invokers.TestInvoker.invokeTestMethods(TestInvoker.java:203) ~[testng-7.10.2.jar:7.10.2]
	at org.testng.internal.invokers.TestMethodWorker.invokeTestMethods(TestMethodWorker.java:154) ~[testng-7.10.2.jar:7.10.2]
	at org.testng.internal.invokers.TestMethodWorker.run(TestMethodWorker.java:134) ~[testng-7.10.2.jar:7.10.2]
	at java.base/java.util.ArrayList.forEach(ArrayList.java:1511) [?:?]
	at org.testng.TestRunner.privateRun(TestRunner.java:739) [testng-7.10.2.jar:7.10.2]
	at org.testng.TestRunner.run(TestRunner.java:614) [testng-7.10.2.jar:7.10.2]
	at org.testng.SuiteRunner.runTest(SuiteRunner.java:421) [testng-7.10.2.jar:7.10.2]
	at org.testng.SuiteRunner.runSequentially(SuiteRunner.java:413) [testng-7.10.2.jar:7.10.2]
	at org.testng.SuiteRunner.privateRun(SuiteRunner.java:373) [testng-7.10.2.jar:7.10.2]
	at org.testng.SuiteRunner.run(SuiteRunner.java:312) [testng-7.10.2.jar:7.10.2]
	at org.testng.SuiteRunnerWorker.runSuite(SuiteRunnerWorker.java:52) [testng-7.10.2.jar:7.10.2]
	at org.testng.SuiteRunnerWorker.run(SuiteRunnerWorker.java:95) [testng-7.10.2.jar:7.10.2]
	at org.testng.TestNG.runSuitesSequentially(TestNG.java:1274) [testng-7.10.2.jar:7.10.2]
	at org.testng.TestNG.runSuitesLocally(TestNG.java:1208) [testng-7.10.2.jar:7.10.2]
	at org.testng.TestNG.runSuites(TestNG.java:1112) [testng-7.10.2.jar:7.10.2]
	at org.testng.TestNG.run(TestNG.java:1079) [testng-7.10.2.jar:7.10.2]
	at com.intellij.rt.testng.IDEARemoteTestNG.run(IDEARemoteTestNG.java:66) [testng-rt.jar:?]
	at com.intellij.rt.testng.RemoteTestNGStarter.main(RemoteTestNGStarter.java:105) [testng-rt.jar:?]
Caused by: org.openqa.selenium.NoSuchWindowException: no such window: target window already closed
from unknown error: web view not found
  (Session info: chrome=147.0.7727.138)
Build info: version: '4.21.0', revision: '79ed462ef4'
System info: os.name: 'Windows 11', os.arch: 'amd64', os.version: '10.0', java.version: '17.0.8'
Driver info: org.openqa.selenium.chrome.ChromeDriver
Command: [bacad3f9683f290eacf7661d572bae7e, findElement {using=id, value=email}]
Capabilities {acceptInsecureCerts: false, browserName: chrome, browserVersion: 147.0.7727.138, chrome: {chromedriverVersion: 147.0.7727.117 (474cc805edd..., userDataDir: C:\Users\OMARKH~1\AppData\L...}, fedcm:accounts: true, goog:chromeOptions: {debuggerAddress: localhost:49826}, goog:processID: 2980, networkConnectionEnabled: false, pageLoadStrategy: normal, platformName: windows, proxy: Proxy(), se:cdp: ws://localhost:49826/devtoo..., se:cdpVersion: 147.0.7727.138, setWindowRect: true, strictFileInteractability: false, timeouts: {implicit: 0, pageLoad: 300000, script: 30000}, unhandledPromptBehavior: dismiss and notify, webauthn:extension:credBlob: true, webauthn:extension:largeBlob: true, webauthn:extension:minPinLength: true, webauthn:extension:prf: true, webauthn:virtualAuthenticators: true}
Session ID: bacad3f9683f290eacf7661d572bae7e
	at jdk.internal.reflect.GeneratedConstructorAccessor19.newInstance(Unknown Source) ~[?:?]
	at java.base/jdk.internal.reflect.DelegatingConstructorAccessorImpl.newInstance(DelegatingConstructorAccessorImpl.java:45) ~[?:?]
	at java.base/java.lang.reflect.Constructor.newInstanceWithCaller(Constructor.java:499) ~[?:?]
	at java.base/java.lang.reflect.Constructor.newInstance(Constructor.java:480) ~[?:?]
	at org.openqa.selenium.remote.ErrorCodec.decode(ErrorCodec.java:167) ~[selenium-remote-driver-4.21.0.jar:?]
	at org.openqa.selenium.remote.codec.w3c.W3CHttpResponseCodec.decode(W3CHttpResponseCodec.java:138) ~[selenium-remote-driver-4.21.0.jar:?]
	at org.openqa.selenium.remote.codec.w3c.W3CHttpResponseCodec.decode(W3CHttpResponseCodec.java:50) ~[selenium-remote-driver-4.21.0.jar:?]
	at org.openqa.selenium.remote.HttpCommandExecutor.execute(HttpCommandExecutor.java:190) ~[selenium-remote-driver-4.21.0.jar:?]
	at org.openqa.selenium.remote.service.DriverCommandExecutor.invokeExecute(DriverCommandExecutor.java:216) ~[selenium-remote-driver-4.21.0.jar:?]
	at org.openqa.selenium.remote.service.DriverCommandExecutor.execute(DriverCommandExecutor.java:174) ~[selenium-remote-driver-4.21.0.jar:?]
	at org.openqa.selenium.remote.RemoteWebDriver.execute(RemoteWebDriver.java:518) ~[selenium-remote-driver-4.21.0.jar:?]
	at org.openqa.selenium.remote.ElementLocation$ElementFinder$2.findElement(ElementLocation.java:165) ~[selenium-remote-driver-4.21.0.jar:?]
	at org.openqa.selenium.remote.ElementLocation.findElement(ElementLocation.java:59) ~[selenium-remote-driver-4.21.0.jar:?]
	at org.openqa.selenium.remote.RemoteWebDriver.findElement(RemoteWebDriver.java:355) ~[selenium-remote-driver-4.21.0.jar:?]
	at org.openqa.selenium.remote.RemoteWebDriver.findElement(RemoteWebDriver.java:349) ~[selenium-remote-driver-4.21.0.jar:?]
	at org.openqa.selenium.support.ui.ExpectedConditions$7.apply(ExpectedConditions.java:194) ~[selenium-support-4.21.0.jar:?]
	at org.openqa.selenium.support.ui.ExpectedConditions$7.apply(ExpectedConditions.java:190) ~[selenium-support-4.21.0.jar:?]
	at org.openqa.selenium.support.ui.FluentWait.until(FluentWait.java:203) ~[selenium-support-4.21.0.jar:?]
	... 31 more
2026-05-09 01:26:14 [main] INFO  AutomationLogger - Browser closed after: tc01_addDorianShoesToCart
2026-05-09 01:28:42 [main] INFO  AutomationLogger - Browser launched: chrome | URL: https://ecommerce.tealiumdemo.com
2026-05-09 01:28:43 [main] INFO  AutomationLogger - Clicked: By.cssSelector: input#privacy_pref_optin
2026-05-09 01:28:43 [main] INFO  AutomationLogger - Consent modal detected — selected Opt-In
2026-05-09 01:28:43 [main] INFO  AutomationLogger - Clicked: By.cssSelector: div#consent_prompt_submit
2026-05-09 01:28:43 [main] INFO  AutomationLogger - Consent modal dismissed successfully
2026-05-09 01:28:44 [main] INFO  AutomationLogger - ▶️ TEST STARTED: tc01_addDorianShoesToCart
2026-05-09 01:28:45 [main] INFO  AutomationLogger - Test data loaded: [existingUser] from [testdata/users.json]
2026-05-09 01:28:45 [main] INFO  AutomationLogger - Clicked: By.cssSelector: a.skip-account
2026-05-09 01:28:45 [main] INFO  AutomationLogger - Opened account dropdown
2026-05-09 01:28:46 [main] INFO  AutomationLogger - Clicked: By.cssSelector: #header-account a[href*='account/login']
2026-05-09 01:28:46 [main] INFO  AutomationLogger - Clicked Log In from header
2026-05-09 01:28:48 [main] INFO  AutomationLogger - Typed 'o.khaledomar98@gmail.com' into: By.id: email
2026-05-09 01:28:48 [main] INFO  AutomationLogger - Entered email: o.khaledomar98@gmail.com
2026-05-09 01:28:48 [main] INFO  AutomationLogger - Typed '1234567' into: By.id: pass
2026-05-09 01:28:48 [main] INFO  AutomationLogger - Entered password
2026-05-09 01:28:48 [main] INFO  AutomationLogger - Scrolled to: By.id: send2
2026-05-09 01:28:49 [main] INFO  AutomationLogger - JS Clicked: By.id: send2
2026-05-09 01:28:49 [main] INFO  AutomationLogger - Clicked Login button
2026-05-09 01:28:49 [main] INFO  AutomationLogger - Login submitted — transitioning to Account Dashboard
2026-05-09 01:28:49 [main] INFO  AutomationLogger - Account dashboard loaded successfully
2026-05-09 01:28:50 [main] INFO  AutomationLogger - Hovered over: By.cssSelector: li.nav-3 > a
2026-05-09 01:28:50 [main] INFO  AutomationLogger - Hovered over Accessories menu
2026-05-09 01:28:50 [main] INFO  AutomationLogger - Clicked: By.cssSelector: a[href*='accessories/shoes']
2026-05-09 01:28:50 [main] INFO  AutomationLogger - Clicked Shoes from Accessories submenu
2026-05-09 01:28:53 [main] INFO  AutomationLogger - Selected 'Price' from: By.cssSelector: div.sort-by select
2026-05-09 01:28:53 [main] INFO  AutomationLogger - Sorted by Price low to high
2026-05-09 01:28:53 [main] INFO  AutomationLogger - Product prices found: [210.0, 310.0, 375.0, 390.0, 410.0, 470.0]
2026-05-09 01:28:53 [main] INFO  AutomationLogger - Found product: DORIAN PERFORATED OXFORD — navigating to: https://ecommerce.tealiumdemo.com/accessories/shoes/dorian-preforated-oxford-558.html
2026-05-09 01:28:54 [main] INFO  AutomationLogger - Product details page loaded — btn-cart confirmed
2026-05-09 01:28:55 [main] INFO  AutomationLogger - Selected first available color via select: black
2026-05-09 01:28:55 [main] INFO  AutomationLogger - Color 'black' selected: true (select value=20)
2026-05-09 01:28:55 [main] INFO  AutomationLogger - Selected first available size via select: 8
2026-05-09 01:28:55 [main] INFO  AutomationLogger - Size '8' selected: true (select value=100)
2026-05-09 01:29:05 [main] WARN  AutomationLogger - Retrying test [tc01_addDorianShoesToCart] - Attempt: 1
2026-05-09 01:29:05 [main] WARN  AutomationLogger - ⏭️ TEST SKIPPED: tc01_addDorianShoesToCart
2026-05-09 01:29:05 [main] WARN  AutomationLogger - ⏭️ SKIPPED: tc01_addDorianShoesToCart
2026-05-09 01:29:06 [main] INFO  AutomationLogger - Browser closed after: tc01_addDorianShoesToCart
2026-05-09 01:29:09 [main] INFO  AutomationLogger - Browser launched: chrome | URL: https://ecommerce.tealiumdemo.com
2026-05-09 01:29:09 [main] INFO  AutomationLogger - Clicked: By.cssSelector: input#privacy_pref_optin
2026-05-09 01:29:09 [main] INFO  AutomationLogger - Consent modal detected — selected Opt-In
2026-05-09 01:29:09 [main] INFO  AutomationLogger - Clicked: By.cssSelector: div#consent_prompt_submit
2026-05-09 01:29:09 [main] INFO  AutomationLogger - Consent modal dismissed successfully
2026-05-09 01:29:10 [main] INFO  AutomationLogger - ▶️ TEST STARTED: tc01_addDorianShoesToCart
2026-05-09 01:29:10 [main] INFO  AutomationLogger - Test data loaded: [existingUser] from [testdata/users.json]
2026-05-09 01:29:10 [main] INFO  AutomationLogger - Clicked: By.cssSelector: a.skip-account
2026-05-09 01:29:10 [main] INFO  AutomationLogger - Opened account dropdown
2026-05-09 01:29:11 [main] INFO  AutomationLogger - Clicked: By.cssSelector: #header-account a[href*='account/login']
2026-05-09 01:29:11 [main] INFO  AutomationLogger - Clicked Log In from header
2026-05-09 01:29:12 [main] INFO  AutomationLogger - Typed 'o.khaledomar98@gmail.com' into: By.id: email
2026-05-09 01:29:12 [main] INFO  AutomationLogger - Entered email: o.khaledomar98@gmail.com
2026-05-09 01:29:12 [main] INFO  AutomationLogger - Typed '1234567' into: By.id: pass
2026-05-09 01:29:12 [main] INFO  AutomationLogger - Entered password
2026-05-09 01:29:12 [main] INFO  AutomationLogger - Scrolled to: By.id: send2
2026-05-09 01:29:14 [main] INFO  AutomationLogger - JS Clicked: By.id: send2
2026-05-09 01:29:14 [main] INFO  AutomationLogger - Clicked Login button
2026-05-09 01:29:14 [main] INFO  AutomationLogger - Login submitted — transitioning to Account Dashboard
2026-05-09 01:29:14 [main] INFO  AutomationLogger - Account dashboard loaded successfully
2026-05-09 01:29:14 [main] INFO  AutomationLogger - Hovered over: By.cssSelector: li.nav-3 > a
2026-05-09 01:29:14 [main] INFO  AutomationLogger - Hovered over Accessories menu
2026-05-09 01:29:14 [main] INFO  AutomationLogger - Clicked: By.cssSelector: a[href*='accessories/shoes']
2026-05-09 01:29:14 [main] INFO  AutomationLogger - Clicked Shoes from Accessories submenu
2026-05-09 01:29:19 [main] INFO  AutomationLogger - Selected 'Price' from: By.cssSelector: div.sort-by select
2026-05-09 01:29:19 [main] INFO  AutomationLogger - Sorted by Price low to high
2026-05-09 01:29:19 [main] INFO  AutomationLogger - Product prices found: [210.0, 310.0, 375.0, 390.0, 410.0, 470.0]
2026-05-09 01:29:19 [main] INFO  AutomationLogger - Found product: DORIAN PERFORATED OXFORD — navigating to: https://ecommerce.tealiumdemo.com/accessories/shoes/dorian-preforated-oxford-558.html
2026-05-09 01:29:21 [main] INFO  AutomationLogger - Product details page loaded — btn-cart confirmed
2026-05-09 01:29:21 [main] INFO  AutomationLogger - Selected first available color via select: black
2026-05-09 01:29:21 [main] INFO  AutomationLogger - Color 'black' selected: true (select value=20)
2026-05-09 01:29:21 [main] INFO  AutomationLogger - Selected first available size via select: 8
2026-05-09 01:29:21 [main] INFO  AutomationLogger - Size '8' selected: true (select value=100)
2026-05-09 01:29:31 [main] WARN  AutomationLogger - Retrying test [tc01_addDorianShoesToCart] - Attempt: 2
2026-05-09 01:29:31 [main] WARN  AutomationLogger - ⏭️ TEST SKIPPED: tc01_addDorianShoesToCart
2026-05-09 01:29:31 [main] WARN  AutomationLogger - ⏭️ SKIPPED: tc01_addDorianShoesToCart
2026-05-09 01:29:32 [main] INFO  AutomationLogger - Browser closed after: tc01_addDorianShoesToCart
2026-05-09 01:29:35 [main] INFO  AutomationLogger - Browser launched: chrome | URL: https://ecommerce.tealiumdemo.com
2026-05-09 01:29:40 [main] INFO  AutomationLogger - Consent modal not present — continuing normally
2026-05-09 01:29:40 [main] INFO  AutomationLogger - ▶️ TEST STARTED: tc01_addDorianShoesToCart
2026-05-09 01:29:40 [main] INFO  AutomationLogger - Test data loaded: [existingUser] from [testdata/users.json]
2026-05-09 01:29:50 [main] ERROR AutomationLogger - ❌ TEST FAILED: tc01_addDorianShoesToCart
org.openqa.selenium.TimeoutException: Expected condition failed: waiting for element to be clickable: By.cssSelector: a.skip-account (tried for 10 second(s) with 500 milliseconds interval)
	at org.openqa.selenium.support.ui.WebDriverWait.timeoutException(WebDriverWait.java:84) ~[selenium-support-4.21.0.jar:?]
	at org.openqa.selenium.support.ui.FluentWait.until(FluentWait.java:228) ~[selenium-support-4.21.0.jar:?]
	at com.axis.automation.core.BasePage.click(BasePage.java:65) ~[classes/:?]
	at com.axis.automation.components.HeaderComponent.clickLogin(HeaderComponent.java:49) ~[classes/:?]
	at com.axis.automation.tests.cart.AddToCartTests.tc01_addDorianShoesToCart(AddToCartTests.java:38) ~[test-classes/:?]
	at java.base/jdk.internal.reflect.NativeMethodAccessorImpl.invoke0(Native Method) ~[?:?]
	at java.base/jdk.internal.reflect.NativeMethodAccessorImpl.invoke(NativeMethodAccessorImpl.java:77) ~[?:?]
	at java.base/jdk.internal.reflect.DelegatingMethodAccessorImpl.invoke(DelegatingMethodAccessorImpl.java:43) ~[?:?]
	at java.base/java.lang.reflect.Method.invoke(Method.java:568) ~[?:?]
	at org.testng.internal.invokers.MethodInvocationHelper.invokeMethod(MethodInvocationHelper.java:141) ~[testng-7.10.2.jar:7.10.2]
	at org.testng.internal.invokers.TestInvoker.invokeMethod(TestInvoker.java:686) ~[testng-7.10.2.jar:7.10.2]
	at org.testng.internal.invokers.TestInvoker.retryFailed(TestInvoker.java:269) ~[testng-7.10.2.jar:7.10.2]
	at org.testng.internal.invokers.MethodRunner.runInSequence(MethodRunner.java:76) ~[testng-7.10.2.jar:7.10.2]
	at org.testng.internal.invokers.TestInvoker$MethodInvocationAgent.invoke(TestInvoker.java:992) ~[testng-7.10.2.jar:7.10.2]
	at org.testng.internal.invokers.TestInvoker.invokeTestMethods(TestInvoker.java:203) ~[testng-7.10.2.jar:7.10.2]
	at org.testng.internal.invokers.TestMethodWorker.invokeTestMethods(TestMethodWorker.java:154) ~[testng-7.10.2.jar:7.10.2]
	at org.testng.internal.invokers.TestMethodWorker.run(TestMethodWorker.java:134) ~[testng-7.10.2.jar:7.10.2]
	at java.base/java.util.ArrayList.forEach(ArrayList.java:1511) [?:?]
	at org.testng.TestRunner.privateRun(TestRunner.java:739) [testng-7.10.2.jar:7.10.2]
	at org.testng.TestRunner.run(TestRunner.java:614) [testng-7.10.2.jar:7.10.2]
	at org.testng.SuiteRunner.runTest(SuiteRunner.java:421) [testng-7.10.2.jar:7.10.2]
	at org.testng.SuiteRunner.runSequentially(SuiteRunner.java:413) [testng-7.10.2.jar:7.10.2]
	at org.testng.SuiteRunner.privateRun(SuiteRunner.java:373) [testng-7.10.2.jar:7.10.2]
	at org.testng.SuiteRunner.run(SuiteRunner.java:312) [testng-7.10.2.jar:7.10.2]
	at org.testng.SuiteRunnerWorker.runSuite(SuiteRunnerWorker.java:52) [testng-7.10.2.jar:7.10.2]
	at org.testng.SuiteRunnerWorker.run(SuiteRunnerWorker.java:95) [testng-7.10.2.jar:7.10.2]
	at org.testng.TestNG.runSuitesSequentially(TestNG.java:1274) [testng-7.10.2.jar:7.10.2]
	at org.testng.TestNG.runSuitesLocally(TestNG.java:1208) [testng-7.10.2.jar:7.10.2]
	at org.testng.TestNG.runSuites(TestNG.java:1112) [testng-7.10.2.jar:7.10.2]
	at org.testng.TestNG.run(TestNG.java:1079) [testng-7.10.2.jar:7.10.2]
	at com.intellij.rt.testng.IDEARemoteTestNG.run(IDEARemoteTestNG.java:66) [testng-rt.jar:?]
	at com.intellij.rt.testng.RemoteTestNGStarter.main(RemoteTestNGStarter.java:105) [testng-rt.jar:?]
Caused by: org.openqa.selenium.NoSuchWindowException: no such window: target window already closed
from unknown error: web view not found
  (Session info: chrome=147.0.7727.138)
Build info: version: '4.21.0', revision: '79ed462ef4'
System info: os.name: 'Windows 11', os.arch: 'amd64', os.version: '10.0', java.version: '17.0.8'
Driver info: org.openqa.selenium.chrome.ChromeDriver
Command: [cf07eaeda11c306a6886e84963fd8cd4, findElement {using=css selector, value=a.skip-account}]
Capabilities {acceptInsecureCerts: false, browserName: chrome, browserVersion: 147.0.7727.138, chrome: {chromedriverVersion: 147.0.7727.117 (474cc805edd..., userDataDir: C:\Users\OMARKH~1\AppData\L...}, fedcm:accounts: true, goog:chromeOptions: {debuggerAddress: localhost:50217}, goog:processID: 13628, networkConnectionEnabled: false, pageLoadStrategy: normal, platformName: windows, proxy: Proxy(), se:cdp: ws://localhost:50217/devtoo..., se:cdpVersion: 147.0.7727.138, setWindowRect: true, strictFileInteractability: false, timeouts: {implicit: 0, pageLoad: 300000, script: 30000}, unhandledPromptBehavior: dismiss and notify, webauthn:extension:credBlob: true, webauthn:extension:largeBlob: true, webauthn:extension:minPinLength: true, webauthn:extension:prf: true, webauthn:virtualAuthenticators: true}
Session ID: cf07eaeda11c306a6886e84963fd8cd4
	at jdk.internal.reflect.GeneratedConstructorAccessor19.newInstance(Unknown Source) ~[?:?]
	at java.base/jdk.internal.reflect.DelegatingConstructorAccessorImpl.newInstance(DelegatingConstructorAccessorImpl.java:45) ~[?:?]
	at java.base/java.lang.reflect.Constructor.newInstanceWithCaller(Constructor.java:499) ~[?:?]
	at java.base/java.lang.reflect.Constructor.newInstance(Constructor.java:480) ~[?:?]
	at org.openqa.selenium.remote.ErrorCodec.decode(ErrorCodec.java:167) ~[selenium-remote-driver-4.21.0.jar:?]
	at org.openqa.selenium.remote.codec.w3c.W3CHttpResponseCodec.decode(W3CHttpResponseCodec.java:138) ~[selenium-remote-driver-4.21.0.jar:?]
	at org.openqa.selenium.remote.codec.w3c.W3CHttpResponseCodec.decode(W3CHttpResponseCodec.java:50) ~[selenium-remote-driver-4.21.0.jar:?]
	at org.openqa.selenium.remote.HttpCommandExecutor.execute(HttpCommandExecutor.java:190) ~[selenium-remote-driver-4.21.0.jar:?]
	at org.openqa.selenium.remote.service.DriverCommandExecutor.invokeExecute(DriverCommandExecutor.java:216) ~[selenium-remote-driver-4.21.0.jar:?]
	at org.openqa.selenium.remote.service.DriverCommandExecutor.execute(DriverCommandExecutor.java:174) ~[selenium-remote-driver-4.21.0.jar:?]
	at org.openqa.selenium.remote.RemoteWebDriver.execute(RemoteWebDriver.java:518) ~[selenium-remote-driver-4.21.0.jar:?]
	at org.openqa.selenium.remote.ElementLocation$ElementFinder$2.findElement(ElementLocation.java:165) ~[selenium-remote-driver-4.21.0.jar:?]
	at org.openqa.selenium.remote.ElementLocation.findElement(ElementLocation.java:59) ~[selenium-remote-driver-4.21.0.jar:?]
	at org.openqa.selenium.remote.RemoteWebDriver.findElement(RemoteWebDriver.java:355) ~[selenium-remote-driver-4.21.0.jar:?]
	at org.openqa.selenium.remote.RemoteWebDriver.findElement(RemoteWebDriver.java:349) ~[selenium-remote-driver-4.21.0.jar:?]
	at org.openqa.selenium.support.ui.ExpectedConditions$7.apply(ExpectedConditions.java:194) ~[selenium-support-4.21.0.jar:?]
	at org.openqa.selenium.support.ui.ExpectedConditions$7.apply(ExpectedConditions.java:190) ~[selenium-support-4.21.0.jar:?]
	at org.openqa.selenium.support.ui.ExpectedConditions$22.apply(ExpectedConditions.java:627) ~[selenium-support-4.21.0.jar:?]
	at org.openqa.selenium.support.ui.ExpectedConditions$22.apply(ExpectedConditions.java:624) ~[selenium-support-4.21.0.jar:?]
	at org.openqa.selenium.support.ui.FluentWait.until(FluentWait.java:203) ~[selenium-support-4.21.0.jar:?]
	... 30 more
2026-05-09 01:29:50 [main] ERROR AutomationLogger - Failed to capture screenshot: FAILED - tc01_addDorianShoesToCart
org.openqa.selenium.NoSuchWindowException: no such window: target window already closed
from unknown error: web view not found
  (Session info: chrome=147.0.7727.138)
Build info: version: '4.21.0', revision: '79ed462ef4'
System info: os.name: 'Windows 11', os.arch: 'amd64', os.version: '10.0', java.version: '17.0.8'
Driver info: org.openqa.selenium.chrome.ChromeDriver
Command: [cf07eaeda11c306a6886e84963fd8cd4, screenshot {}]
Capabilities {acceptInsecureCerts: false, browserName: chrome, browserVersion: 147.0.7727.138, chrome: {chromedriverVersion: 147.0.7727.117 (474cc805edd..., userDataDir: C:\Users\OMARKH~1\AppData\L...}, fedcm:accounts: true, goog:chromeOptions: {debuggerAddress: localhost:50217}, goog:processID: 13628, networkConnectionEnabled: false, pageLoadStrategy: normal, platformName: windows, proxy: Proxy(), se:cdp: ws://localhost:50217/devtoo..., se:cdpVersion: 147.0.7727.138, setWindowRect: true, strictFileInteractability: false, timeouts: {implicit: 0, pageLoad: 300000, script: 30000}, unhandledPromptBehavior: dismiss and notify, webauthn:extension:credBlob: true, webauthn:extension:largeBlob: true, webauthn:extension:minPinLength: true, webauthn:extension:prf: true, webauthn:virtualAuthenticators: true}
Session ID: cf07eaeda11c306a6886e84963fd8cd4
	at jdk.internal.reflect.GeneratedConstructorAccessor19.newInstance(Unknown Source) ~[?:?]
	at java.base/jdk.internal.reflect.DelegatingConstructorAccessorImpl.newInstance(DelegatingConstructorAccessorImpl.java:45) ~[?:?]
	at java.base/java.lang.reflect.Constructor.newInstanceWithCaller(Constructor.java:499) ~[?:?]
	at java.base/java.lang.reflect.Constructor.newInstance(Constructor.java:480) ~[?:?]
	at org.openqa.selenium.remote.ErrorCodec.decode(ErrorCodec.java:167) ~[selenium-remote-driver-4.21.0.jar:?]
	at org.openqa.selenium.remote.codec.w3c.W3CHttpResponseCodec.decode(W3CHttpResponseCodec.java:138) ~[selenium-remote-driver-4.21.0.jar:?]
	at org.openqa.selenium.remote.codec.w3c.W3CHttpResponseCodec.decode(W3CHttpResponseCodec.java:50) ~[selenium-remote-driver-4.21.0.jar:?]
	at org.openqa.selenium.remote.HttpCommandExecutor.execute(HttpCommandExecutor.java:190) ~[selenium-remote-driver-4.21.0.jar:?]
	at org.openqa.selenium.remote.service.DriverCommandExecutor.invokeExecute(DriverCommandExecutor.java:216) ~[selenium-remote-driver-4.21.0.jar:?]
	at org.openqa.selenium.remote.service.DriverCommandExecutor.execute(DriverCommandExecutor.java:174) ~[selenium-remote-driver-4.21.0.jar:?]
	at org.openqa.selenium.remote.RemoteWebDriver.execute(RemoteWebDriver.java:518) ~[selenium-remote-driver-4.21.0.jar:?]
	at org.openqa.selenium.remote.RemoteWebDriver.execute(RemoteWebDriver.java:591) ~[selenium-remote-driver-4.21.0.jar:?]
	at org.openqa.selenium.remote.RemoteWebDriver.execute(RemoteWebDriver.java:595) ~[selenium-remote-driver-4.21.0.jar:?]
	at org.openqa.selenium.remote.RemoteWebDriver.getScreenshotAs(RemoteWebDriver.java:321) ~[selenium-remote-driver-4.21.0.jar:?]
	at com.axis.automation.utils.ScreenshotUtils.captureAndAttach(ScreenshotUtils.java:27) ~[classes/:?]
	at com.axis.automation.listeners.TestListener.onTestFailure(TestListener.java:29) ~[test-classes/:?]
	at org.testng.internal.TestListenerHelper.runTestListeners(TestListenerHelper.java:115) ~[testng-7.10.2.jar:7.10.2]
	at org.testng.internal.invokers.TestInvoker.runTestResultListener(TestInvoker.java:285) ~[testng-7.10.2.jar:7.10.2]
	at org.testng.internal.invokers.TestInvoker.invokeMethod(TestInvoker.java:774) ~[testng-7.10.2.jar:7.10.2]
	at org.testng.internal.invokers.TestInvoker.retryFailed(TestInvoker.java:269) ~[testng-7.10.2.jar:7.10.2]
	at org.testng.internal.invokers.MethodRunner.runInSequence(MethodRunner.java:76) ~[testng-7.10.2.jar:7.10.2]
	at org.testng.internal.invokers.TestInvoker$MethodInvocationAgent.invoke(TestInvoker.java:992) ~[testng-7.10.2.jar:7.10.2]
	at org.testng.internal.invokers.TestInvoker.invokeTestMethods(TestInvoker.java:203) ~[testng-7.10.2.jar:7.10.2]
	at org.testng.internal.invokers.TestMethodWorker.invokeTestMethods(TestMethodWorker.java:154) ~[testng-7.10.2.jar:7.10.2]
	at org.testng.internal.invokers.TestMethodWorker.run(TestMethodWorker.java:134) ~[testng-7.10.2.jar:7.10.2]
	at java.base/java.util.ArrayList.forEach(ArrayList.java:1511) [?:?]
	at org.testng.TestRunner.privateRun(TestRunner.java:739) [testng-7.10.2.jar:7.10.2]
	at org.testng.TestRunner.run(TestRunner.java:614) [testng-7.10.2.jar:7.10.2]
	at org.testng.SuiteRunner.runTest(SuiteRunner.java:421) [testng-7.10.2.jar:7.10.2]
	at org.testng.SuiteRunner.runSequentially(SuiteRunner.java:413) [testng-7.10.2.jar:7.10.2]
	at org.testng.SuiteRunner.privateRun(SuiteRunner.java:373) [testng-7.10.2.jar:7.10.2]
	at org.testng.SuiteRunner.run(SuiteRunner.java:312) [testng-7.10.2.jar:7.10.2]
	at org.testng.SuiteRunnerWorker.runSuite(SuiteRunnerWorker.java:52) [testng-7.10.2.jar:7.10.2]
	at org.testng.SuiteRunnerWorker.run(SuiteRunnerWorker.java:95) [testng-7.10.2.jar:7.10.2]
	at org.testng.TestNG.runSuitesSequentially(TestNG.java:1274) [testng-7.10.2.jar:7.10.2]
	at org.testng.TestNG.runSuitesLocally(TestNG.java:1208) [testng-7.10.2.jar:7.10.2]
	at org.testng.TestNG.runSuites(TestNG.java:1112) [testng-7.10.2.jar:7.10.2]
	at org.testng.TestNG.run(TestNG.java:1079) [testng-7.10.2.jar:7.10.2]
	at com.intellij.rt.testng.IDEARemoteTestNG.run(IDEARemoteTestNG.java:66) [testng-rt.jar:?]
	at com.intellij.rt.testng.RemoteTestNGStarter.main(RemoteTestNGStarter.java:105) [testng-rt.jar:?]
2026-05-09 01:29:50 [main] ERROR AutomationLogger - ❌ FAILED: tc01_addDorianShoesToCart
org.openqa.selenium.TimeoutException: Expected condition failed: waiting for element to be clickable: By.cssSelector: a.skip-account (tried for 10 second(s) with 500 milliseconds interval)
	at org.openqa.selenium.support.ui.WebDriverWait.timeoutException(WebDriverWait.java:84) ~[selenium-support-4.21.0.jar:?]
	at org.openqa.selenium.support.ui.FluentWait.until(FluentWait.java:228) ~[selenium-support-4.21.0.jar:?]
	at com.axis.automation.core.BasePage.click(BasePage.java:65) ~[classes/:?]
	at com.axis.automation.components.HeaderComponent.clickLogin(HeaderComponent.java:49) ~[classes/:?]
	at com.axis.automation.tests.cart.AddToCartTests.tc01_addDorianShoesToCart(AddToCartTests.java:38) ~[test-classes/:?]
	at java.base/jdk.internal.reflect.NativeMethodAccessorImpl.invoke0(Native Method) ~[?:?]
	at java.base/jdk.internal.reflect.NativeMethodAccessorImpl.invoke(NativeMethodAccessorImpl.java:77) ~[?:?]
	at java.base/jdk.internal.reflect.DelegatingMethodAccessorImpl.invoke(DelegatingMethodAccessorImpl.java:43) ~[?:?]
	at java.base/java.lang.reflect.Method.invoke(Method.java:568) ~[?:?]
	at org.testng.internal.invokers.MethodInvocationHelper.invokeMethod(MethodInvocationHelper.java:141) ~[testng-7.10.2.jar:7.10.2]
	at org.testng.internal.invokers.TestInvoker.invokeMethod(TestInvoker.java:686) ~[testng-7.10.2.jar:7.10.2]
	at org.testng.internal.invokers.TestInvoker.retryFailed(TestInvoker.java:269) ~[testng-7.10.2.jar:7.10.2]
	at org.testng.internal.invokers.MethodRunner.runInSequence(MethodRunner.java:76) ~[testng-7.10.2.jar:7.10.2]
	at org.testng.internal.invokers.TestInvoker$MethodInvocationAgent.invoke(TestInvoker.java:992) ~[testng-7.10.2.jar:7.10.2]
	at org.testng.internal.invokers.TestInvoker.invokeTestMethods(TestInvoker.java:203) ~[testng-7.10.2.jar:7.10.2]
	at org.testng.internal.invokers.TestMethodWorker.invokeTestMethods(TestMethodWorker.java:154) ~[testng-7.10.2.jar:7.10.2]
	at org.testng.internal.invokers.TestMethodWorker.run(TestMethodWorker.java:134) ~[testng-7.10.2.jar:7.10.2]
	at java.base/java.util.ArrayList.forEach(ArrayList.java:1511) [?:?]
	at org.testng.TestRunner.privateRun(TestRunner.java:739) [testng-7.10.2.jar:7.10.2]
	at org.testng.TestRunner.run(TestRunner.java:614) [testng-7.10.2.jar:7.10.2]
	at org.testng.SuiteRunner.runTest(SuiteRunner.java:421) [testng-7.10.2.jar:7.10.2]
	at org.testng.SuiteRunner.runSequentially(SuiteRunner.java:413) [testng-7.10.2.jar:7.10.2]
	at org.testng.SuiteRunner.privateRun(SuiteRunner.java:373) [testng-7.10.2.jar:7.10.2]
	at org.testng.SuiteRunner.run(SuiteRunner.java:312) [testng-7.10.2.jar:7.10.2]
	at org.testng.SuiteRunnerWorker.runSuite(SuiteRunnerWorker.java:52) [testng-7.10.2.jar:7.10.2]
	at org.testng.SuiteRunnerWorker.run(SuiteRunnerWorker.java:95) [testng-7.10.2.jar:7.10.2]
	at org.testng.TestNG.runSuitesSequentially(TestNG.java:1274) [testng-7.10.2.jar:7.10.2]
	at org.testng.TestNG.runSuitesLocally(TestNG.java:1208) [testng-7.10.2.jar:7.10.2]
	at org.testng.TestNG.runSuites(TestNG.java:1112) [testng-7.10.2.jar:7.10.2]
	at org.testng.TestNG.run(TestNG.java:1079) [testng-7.10.2.jar:7.10.2]
	at com.intellij.rt.testng.IDEARemoteTestNG.run(IDEARemoteTestNG.java:66) [testng-rt.jar:?]
	at com.intellij.rt.testng.RemoteTestNGStarter.main(RemoteTestNGStarter.java:105) [testng-rt.jar:?]
Caused by: org.openqa.selenium.NoSuchWindowException: no such window: target window already closed
from unknown error: web view not found
  (Session info: chrome=147.0.7727.138)
Build info: version: '4.21.0', revision: '79ed462ef4'
System info: os.name: 'Windows 11', os.arch: 'amd64', os.version: '10.0', java.version: '17.0.8'
Driver info: org.openqa.selenium.chrome.ChromeDriver
Command: [cf07eaeda11c306a6886e84963fd8cd4, findElement {using=css selector, value=a.skip-account}]
Capabilities {acceptInsecureCerts: false, browserName: chrome, browserVersion: 147.0.7727.138, chrome: {chromedriverVersion: 147.0.7727.117 (474cc805edd..., userDataDir: C:\Users\OMARKH~1\AppData\L...}, fedcm:accounts: true, goog:chromeOptions: {debuggerAddress: localhost:50217}, goog:processID: 13628, networkConnectionEnabled: false, pageLoadStrategy: normal, platformName: windows, proxy: Proxy(), se:cdp: ws://localhost:50217/devtoo..., se:cdpVersion: 147.0.7727.138, setWindowRect: true, strictFileInteractability: false, timeouts: {implicit: 0, pageLoad: 300000, script: 30000}, unhandledPromptBehavior: dismiss and notify, webauthn:extension:credBlob: true, webauthn:extension:largeBlob: true, webauthn:extension:minPinLength: true, webauthn:extension:prf: true, webauthn:virtualAuthenticators: true}
Session ID: cf07eaeda11c306a6886e84963fd8cd4
	at jdk.internal.reflect.GeneratedConstructorAccessor19.newInstance(Unknown Source) ~[?:?]
	at java.base/jdk.internal.reflect.DelegatingConstructorAccessorImpl.newInstance(DelegatingConstructorAccessorImpl.java:45) ~[?:?]
	at java.base/java.lang.reflect.Constructor.newInstanceWithCaller(Constructor.java:499) ~[?:?]
	at java.base/java.lang.reflect.Constructor.newInstance(Constructor.java:480) ~[?:?]
	at org.openqa.selenium.remote.ErrorCodec.decode(ErrorCodec.java:167) ~[selenium-remote-driver-4.21.0.jar:?]
	at org.openqa.selenium.remote.codec.w3c.W3CHttpResponseCodec.decode(W3CHttpResponseCodec.java:138) ~[selenium-remote-driver-4.21.0.jar:?]
	at org.openqa.selenium.remote.codec.w3c.W3CHttpResponseCodec.decode(W3CHttpResponseCodec.java:50) ~[selenium-remote-driver-4.21.0.jar:?]
	at org.openqa.selenium.remote.HttpCommandExecutor.execute(HttpCommandExecutor.java:190) ~[selenium-remote-driver-4.21.0.jar:?]
	at org.openqa.selenium.remote.service.DriverCommandExecutor.invokeExecute(DriverCommandExecutor.java:216) ~[selenium-remote-driver-4.21.0.jar:?]
	at org.openqa.selenium.remote.service.DriverCommandExecutor.execute(DriverCommandExecutor.java:174) ~[selenium-remote-driver-4.21.0.jar:?]
	at org.openqa.selenium.remote.RemoteWebDriver.execute(RemoteWebDriver.java:518) ~[selenium-remote-driver-4.21.0.jar:?]
	at org.openqa.selenium.remote.ElementLocation$ElementFinder$2.findElement(ElementLocation.java:165) ~[selenium-remote-driver-4.21.0.jar:?]
	at org.openqa.selenium.remote.ElementLocation.findElement(ElementLocation.java:59) ~[selenium-remote-driver-4.21.0.jar:?]
	at org.openqa.selenium.remote.RemoteWebDriver.findElement(RemoteWebDriver.java:355) ~[selenium-remote-driver-4.21.0.jar:?]
	at org.openqa.selenium.remote.RemoteWebDriver.findElement(RemoteWebDriver.java:349) ~[selenium-remote-driver-4.21.0.jar:?]
	at org.openqa.selenium.support.ui.ExpectedConditions$7.apply(ExpectedConditions.java:194) ~[selenium-support-4.21.0.jar:?]
	at org.openqa.selenium.support.ui.ExpectedConditions$7.apply(ExpectedConditions.java:190) ~[selenium-support-4.21.0.jar:?]
	at org.openqa.selenium.support.ui.ExpectedConditions$22.apply(ExpectedConditions.java:627) ~[selenium-support-4.21.0.jar:?]
	at org.openqa.selenium.support.ui.ExpectedConditions$22.apply(ExpectedConditions.java:624) ~[selenium-support-4.21.0.jar:?]
	at org.openqa.selenium.support.ui.FluentWait.until(FluentWait.java:203) ~[selenium-support-4.21.0.jar:?]
	... 30 more
2026-05-09 01:29:50 [main] INFO  AutomationLogger - Browser closed after: tc01_addDorianShoesToCart
2026-05-09 01:32:50 [main] INFO  AutomationLogger - Browser launched: chrome | URL: https://ecommerce.tealiumdemo.com
2026-05-09 01:32:51 [main] INFO  AutomationLogger - Clicked: By.cssSelector: input#privacy_pref_optin
2026-05-09 01:32:51 [main] INFO  AutomationLogger - Consent modal detected — selected Opt-In
2026-05-09 01:32:51 [main] INFO  AutomationLogger - Clicked: By.cssSelector: div#consent_prompt_submit
2026-05-09 01:32:51 [main] INFO  AutomationLogger - Consent modal dismissed successfully
2026-05-09 01:32:52 [main] INFO  AutomationLogger - ▶️ TEST STARTED: tc01_addDorianShoesToCart
2026-05-09 01:32:53 [main] INFO  AutomationLogger - Test data loaded: [existingUser] from [testdata/users.json]
2026-05-09 01:32:53 [main] INFO  AutomationLogger - Clicked: By.cssSelector: a.skip-account
2026-05-09 01:32:53 [main] INFO  AutomationLogger - Opened account dropdown
2026-05-09 01:32:54 [main] INFO  AutomationLogger - Clicked: By.cssSelector: #header-account a[href*='account/login']
2026-05-09 01:32:54 [main] INFO  AutomationLogger - Clicked Log In from header
2026-05-09 01:32:55 [main] INFO  AutomationLogger - Typed 'o.khaledomar98@gmail.com' into: By.id: email
2026-05-09 01:32:55 [main] INFO  AutomationLogger - Entered email: o.khaledomar98@gmail.com
2026-05-09 01:32:55 [main] INFO  AutomationLogger - Typed '1234567' into: By.id: pass
2026-05-09 01:32:55 [main] INFO  AutomationLogger - Entered password
2026-05-09 01:32:55 [main] INFO  AutomationLogger - Scrolled to: By.id: send2
2026-05-09 01:32:57 [main] INFO  AutomationLogger - JS Clicked: By.id: send2
2026-05-09 01:32:57 [main] INFO  AutomationLogger - Clicked Login button
2026-05-09 01:32:57 [main] INFO  AutomationLogger - Login submitted — transitioning to Account Dashboard
2026-05-09 01:32:57 [main] INFO  AutomationLogger - Account dashboard loaded successfully
2026-05-09 01:32:57 [main] INFO  AutomationLogger - Hovered over: By.cssSelector: li.nav-3 > a
2026-05-09 01:32:57 [main] INFO  AutomationLogger - Hovered over Accessories menu
2026-05-09 01:32:58 [main] INFO  AutomationLogger - Clicked: By.cssSelector: a[href*='accessories/shoes']
2026-05-09 01:32:58 [main] INFO  AutomationLogger - Clicked Shoes from Accessories submenu
2026-05-09 01:33:01 [main] INFO  AutomationLogger - Selected 'Price' from: By.cssSelector: div.sort-by select
2026-05-09 01:33:01 [main] INFO  AutomationLogger - Sorted by Price low to high
2026-05-09 01:33:01 [main] INFO  AutomationLogger - Product prices found: [210.0, 310.0, 375.0, 390.0, 410.0, 470.0]
2026-05-09 01:33:01 [main] INFO  AutomationLogger - Found product: DORIAN PERFORATED OXFORD — navigating to: https://ecommerce.tealiumdemo.com/accessories/shoes/dorian-preforated-oxford-558.html
2026-05-09 01:33:03 [main] INFO  AutomationLogger - Product details page loaded — btn-cart confirmed
2026-05-09 01:33:03 [main] INFO  AutomationLogger - Selected first available color via select: black
2026-05-09 01:33:03 [main] INFO  AutomationLogger - Color 'black' selected: true (select value=20)
2026-05-09 01:33:03 [main] INFO  AutomationLogger - Selected first available size via select: 8
2026-05-09 01:33:03 [main] INFO  AutomationLogger - Size '8' selected: true (select value=100)
2026-05-09 01:33:03 [main] INFO  AutomationLogger - Scrolled to: By.cssSelector: div.add-to-cart-buttons button.btn-cart
2026-05-09 01:33:07 [main] INFO  AutomationLogger - JS Clicked: By.cssSelector: div.add-to-cart-buttons button.btn-cart
2026-05-09 01:33:07 [main] INFO  AutomationLogger - Clicked Add to Cart — redirecting to Cart page
2026-05-09 01:33:07 [main] INFO  AutomationLogger - Cart page loaded with success message
2026-05-09 01:33:07 [main] INFO  AutomationLogger - ✅ TEST PASSED: tc01_addDorianShoesToCart
2026-05-09 01:33:07 [main] INFO  AutomationLogger - ✅ PASSED: tc01_addDorianShoesToCart
2026-05-09 01:33:07 [main] INFO  AutomationLogger - Browser closed after: tc01_addDorianShoesToCart
2026-05-09 01:35:16 [main] INFO  AutomationLogger - Browser launched: chrome | URL: https://ecommerce.tealiumdemo.com
2026-05-09 01:35:17 [main] INFO  AutomationLogger - Clicked: By.cssSelector: input#privacy_pref_optin
2026-05-09 01:35:17 [main] INFO  AutomationLogger - Consent modal detected — selected Opt-In
2026-05-09 01:35:18 [main] INFO  AutomationLogger - Clicked: By.cssSelector: div#consent_prompt_submit
2026-05-09 01:35:18 [main] INFO  AutomationLogger - Consent modal dismissed successfully
2026-05-09 01:35:18 [main] INFO  AutomationLogger - ▶️ TEST STARTED: tc01_addDorianShoesToCart
2026-05-09 01:35:19 [main] INFO  AutomationLogger - Test data loaded: [existingUser] from [testdata/users.json]
2026-05-09 01:35:19 [main] INFO  AutomationLogger - Clicked: By.cssSelector: a.skip-account
2026-05-09 01:35:19 [main] INFO  AutomationLogger - Opened account dropdown
2026-05-09 01:35:20 [main] INFO  AutomationLogger - Clicked: By.cssSelector: #header-account a[href*='account/login']
2026-05-09 01:35:20 [main] INFO  AutomationLogger - Clicked Log In from header
2026-05-09 01:35:22 [main] INFO  AutomationLogger - Typed 'o.khaledomar98@gmail.com' into: By.id: email
2026-05-09 01:35:22 [main] INFO  AutomationLogger - Entered email: o.khaledomar98@gmail.com
2026-05-09 01:35:22 [main] INFO  AutomationLogger - Typed '1234567' into: By.id: pass
2026-05-09 01:35:22 [main] INFO  AutomationLogger - Entered password
2026-05-09 01:35:22 [main] INFO  AutomationLogger - Scrolled to: By.id: send2
2026-05-09 01:35:24 [main] INFO  AutomationLogger - JS Clicked: By.id: send2
2026-05-09 01:35:24 [main] INFO  AutomationLogger - Clicked Login button
2026-05-09 01:35:24 [main] INFO  AutomationLogger - Login submitted — transitioning to Account Dashboard
2026-05-09 01:35:24 [main] INFO  AutomationLogger - Account dashboard loaded successfully
2026-05-09 01:35:24 [main] INFO  AutomationLogger - Hovered over: By.cssSelector: li.nav-3 > a
2026-05-09 01:35:24 [main] INFO  AutomationLogger - Hovered over Accessories menu
2026-05-09 01:35:25 [main] INFO  AutomationLogger - Clicked: By.cssSelector: a[href*='accessories/shoes']
2026-05-09 01:35:25 [main] INFO  AutomationLogger - Clicked Shoes from Accessories submenu
2026-05-09 01:35:28 [main] INFO  AutomationLogger - Selected 'Price' from: By.cssSelector: div.sort-by select
2026-05-09 01:35:28 [main] INFO  AutomationLogger - Sorted by Price low to high
2026-05-09 01:35:29 [main] INFO  AutomationLogger - Product prices found: [210.0, 310.0, 375.0, 390.0, 410.0, 470.0]
2026-05-09 01:35:29 [main] INFO  AutomationLogger - Found product: DORIAN PERFORATED OXFORD — navigating to: https://ecommerce.tealiumdemo.com/accessories/shoes/dorian-preforated-oxford-558.html
2026-05-09 01:35:32 [main] INFO  AutomationLogger - Product details page loaded — btn-cart confirmed
2026-05-09 01:35:33 [main] INFO  AutomationLogger - Selected first available color via select: black
2026-05-09 01:35:33 [main] INFO  AutomationLogger - Color 'black' selected: true (select value=20)
2026-05-09 01:35:33 [main] INFO  AutomationLogger - Selected first available size via select: 8
2026-05-09 01:35:33 [main] INFO  AutomationLogger - Size '8' selected: true (select value=100)
2026-05-09 01:35:33 [main] INFO  AutomationLogger - Scrolled to: By.cssSelector: div.add-to-cart-buttons button.btn-cart
2026-05-09 01:35:35 [main] INFO  AutomationLogger - JS Clicked: By.cssSelector: div.add-to-cart-buttons button.btn-cart
2026-05-09 01:35:35 [main] INFO  AutomationLogger - Clicked Add to Cart — redirecting to Cart page
2026-05-09 01:35:35 [main] INFO  AutomationLogger - Cart page loaded with success message
2026-05-09 01:35:35 [main] INFO  AutomationLogger - ✅ TEST PASSED: tc01_addDorianShoesToCart
2026-05-09 01:35:35 [main] INFO  AutomationLogger - ✅ PASSED: tc01_addDorianShoesToCart
2026-05-09 01:35:36 [main] INFO  AutomationLogger - Browser closed after: tc01_addDorianShoesToCart
2026-05-09 01:37:25 [main] INFO  AutomationLogger - ?? TEST STARTED: tc01_validRegistrationWithValidCredentials
2026-05-09 01:37:25 [main] WARN  AutomationLogger - ?? TEST SKIPPED: tc01_validRegistrationWithValidCredentials
2026-05-09 01:37:25 [main] WARN  AutomationLogger - ?? SKIPPED: tc01_validRegistrationWithValidCredentials
2026-05-09 01:37:25 [main] INFO  AutomationLogger - Browser closed after: tc01_validRegistrationWithValidCredentials
2026-05-09 01:37:25 [main] INFO  AutomationLogger - ?? TEST STARTED: tc03_missingRequiredFieldsShowsAllErrors
2026-05-09 01:37:25 [main] WARN  AutomationLogger - ?? TEST SKIPPED: tc03_missingRequiredFieldsShowsAllErrors
2026-05-09 01:37:25 [main] WARN  AutomationLogger - ?? SKIPPED: tc03_missingRequiredFieldsShowsAllErrors
2026-05-09 01:37:25 [main] INFO  AutomationLogger - Browser closed after: tc03_missingRequiredFieldsShowsAllErrors
2026-05-09 01:37:26 [main] INFO  AutomationLogger - ?? TEST STARTED: tc01_validLoginWithValidCredentials
2026-05-09 01:37:26 [main] WARN  AutomationLogger - ?? TEST SKIPPED: tc01_validLoginWithValidCredentials
2026-05-09 01:37:26 [main] WARN  AutomationLogger - ?? SKIPPED: tc01_validLoginWithValidCredentials
2026-05-09 01:37:26 [main] INFO  AutomationLogger - Browser closed after: tc01_validLoginWithValidCredentials
2026-05-09 01:37:27 [main] INFO  AutomationLogger - ?? TEST STARTED: tc02_invalidLoginWithWrongPassword
2026-05-09 01:37:27 [main] WARN  AutomationLogger - ?? TEST SKIPPED: tc02_invalidLoginWithWrongPassword
2026-05-09 01:37:27 [main] WARN  AutomationLogger - ?? SKIPPED: tc02_invalidLoginWithWrongPassword
2026-05-09 01:37:27 [main] INFO  AutomationLogger - Browser closed after: tc02_invalidLoginWithWrongPassword
2026-05-09 01:37:28 [main] INFO  AutomationLogger - ?? TEST STARTED: tc01_addDorianShoesToCart
2026-05-09 01:37:28 [main] WARN  AutomationLogger - ?? TEST SKIPPED: tc01_addDorianShoesToCart
2026-05-09 01:37:28 [main] WARN  AutomationLogger - ?? SKIPPED: tc01_addDorianShoesToCart
2026-05-09 01:37:28 [main] INFO  AutomationLogger - Browser closed after: tc01_addDorianShoesToCart
2026-05-09 01:39:48 [main] INFO  AutomationLogger - Browser launched: chrome | URL: https://ecommerce.tealiumdemo.com
2026-05-09 01:39:49 [main] INFO  AutomationLogger - Clicked: By.cssSelector: input#privacy_pref_optin
2026-05-09 01:39:49 [main] INFO  AutomationLogger - Consent modal detected � selected Opt-In
2026-05-09 01:39:49 [main] INFO  AutomationLogger - Clicked: By.cssSelector: div#consent_prompt_submit
2026-05-09 01:39:49 [main] INFO  AutomationLogger - Consent modal dismissed successfully
2026-05-09 01:39:50 [main] INFO  AutomationLogger - Clicked: By.cssSelector: a.skip-account
2026-05-09 01:39:50 [main] INFO  AutomationLogger - Opened account dropdown
2026-05-09 01:39:51 [main] INFO  AutomationLogger - Clicked: By.cssSelector: #header-account a[href*='account/create']
2026-05-09 01:39:51 [main] INFO  AutomationLogger - Clicked Register from header
2026-05-09 01:39:53 [main] INFO  AutomationLogger - ?? TEST STARTED: tc01_validRegistrationWithValidCredentials
2026-05-09 01:39:53 [main] INFO  AutomationLogger - Test data loaded: [validUser] from [testdata/users.json]
2026-05-09 01:39:54 [main] INFO  AutomationLogger - Typed 'Omar' into: By.id: firstname
2026-05-09 01:39:54 [main] INFO  AutomationLogger - Entered first name: Omar
2026-05-09 01:39:54 [main] INFO  AutomationLogger - Typed 'Adriano' into: By.id: lastname
2026-05-09 01:39:54 [main] INFO  AutomationLogger - Entered last name: Adriano
2026-05-09 01:39:54 [main] INFO  AutomationLogger - Typed 'axis.testuser.reg2026@gmail.com' into: By.id: email_address
2026-05-09 01:39:54 [main] INFO  AutomationLogger - Entered email: axis.testuser.reg2026@gmail.com
2026-05-09 01:39:54 [main] INFO  AutomationLogger - Typed 'Adriano@123' into: By.id: password
2026-05-09 01:39:54 [main] INFO  AutomationLogger - Entered password
2026-05-09 01:39:54 [main] INFO  AutomationLogger - Typed 'Adriano@123' into: By.id: confirmation
2026-05-09 01:39:54 [main] INFO  AutomationLogger - Entered confirm password
2026-05-09 01:39:54 [main] INFO  AutomationLogger - Scrolled to: By.cssSelector: button[title='Register']
2026-05-09 01:39:56 [main] INFO  AutomationLogger - JS Clicked: By.cssSelector: button[title='Register']
2026-05-09 01:39:56 [main] INFO  AutomationLogger - Registration submitted � transitioning to Account Dashboard
2026-05-09 01:39:56 [main] INFO  AutomationLogger - Account dashboard loaded successfully
2026-05-09 01:42:30 [main] INFO  AutomationLogger - Browser launched: chrome | URL: https://ecommerce.tealiumdemo.com
2026-05-09 01:42:30 [main] INFO  AutomationLogger - Clicked: By.cssSelector: input#privacy_pref_optin
2026-05-09 01:42:30 [main] INFO  AutomationLogger - Consent modal detected � selected Opt-In
2026-05-09 01:42:31 [main] INFO  AutomationLogger - Clicked: By.cssSelector: div#consent_prompt_submit
2026-05-09 01:42:31 [main] INFO  AutomationLogger - Consent modal dismissed successfully
2026-05-09 01:42:32 [main] INFO  AutomationLogger - Clicked: By.cssSelector: a.skip-account
2026-05-09 01:42:32 [main] INFO  AutomationLogger - Opened account dropdown
2026-05-09 01:42:32 [main] INFO  AutomationLogger - Clicked: By.cssSelector: #header-account a[href*='account/create']
2026-05-09 01:42:32 [main] INFO  AutomationLogger - Clicked Register from header
2026-05-09 01:42:33 [main] INFO  AutomationLogger - ?? TEST STARTED: tc01_validRegistrationWithValidCredentials
2026-05-09 01:42:34 [main] INFO  AutomationLogger - Test data loaded: [validUser] from [testdata/users.json]
2026-05-09 01:42:34 [main] INFO  AutomationLogger - Typed 'Omar' into: By.id: firstname
2026-05-09 01:42:34 [main] INFO  AutomationLogger - Entered first name: Omar
2026-05-09 01:42:35 [main] INFO  AutomationLogger - Typed 'Adriano' into: By.id: lastname
2026-05-09 01:42:35 [main] INFO  AutomationLogger - Entered last name: Adriano
2026-05-09 01:42:35 [main] INFO  AutomationLogger - Typed 'axis.testuser1.reg2026@gmail.com' into: By.id: email_address
2026-05-09 01:42:35 [main] INFO  AutomationLogger - Entered email: axis.testuser1.reg2026@gmail.com
2026-05-09 01:42:35 [main] INFO  AutomationLogger - Typed 'Adriano@123' into: By.id: password
2026-05-09 01:42:35 [main] INFO  AutomationLogger - Entered password
2026-05-09 01:42:35 [main] INFO  AutomationLogger - Typed 'Adriano@123' into: By.id: confirmation
2026-05-09 01:42:35 [main] INFO  AutomationLogger - Entered confirm password
2026-05-09 01:42:35 [main] INFO  AutomationLogger - Scrolled to: By.cssSelector: button[title='Register']
2026-05-09 01:42:37 [main] INFO  AutomationLogger - JS Clicked: By.cssSelector: button[title='Register']
2026-05-09 01:42:37 [main] INFO  AutomationLogger - Registration submitted � transitioning to Account Dashboard
2026-05-09 01:42:37 [main] INFO  AutomationLogger - Account dashboard loaded successfully
2026-05-09 01:42:37 [main] INFO  AutomationLogger - ? TEST PASSED: tc01_validRegistrationWithValidCredentials
2026-05-09 01:42:37 [main] INFO  AutomationLogger - ? PASSED: tc01_validRegistrationWithValidCredentials
2026-05-09 01:42:38 [main] INFO  AutomationLogger - Browser closed after: tc01_validRegistrationWithValidCredentials
2026-05-09 01:42:42 [main] INFO  AutomationLogger - Browser launched: chrome | URL: https://ecommerce.tealiumdemo.com
2026-05-09 01:42:42 [main] INFO  AutomationLogger - Clicked: By.cssSelector: input#privacy_pref_optin
2026-05-09 01:42:42 [main] INFO  AutomationLogger - Consent modal detected � selected Opt-In
2026-05-09 01:42:42 [main] INFO  AutomationLogger - Clicked: By.cssSelector: div#consent_prompt_submit
2026-05-09 01:42:42 [main] INFO  AutomationLogger - Consent modal dismissed successfully
2026-05-09 01:42:43 [main] INFO  AutomationLogger - Clicked: By.cssSelector: a.skip-account
2026-05-09 01:42:43 [main] INFO  AutomationLogger - Opened account dropdown
2026-05-09 01:42:43 [main] INFO  AutomationLogger - Clicked: By.cssSelector: #header-account a[href*='account/create']
2026-05-09 01:42:43 [main] INFO  AutomationLogger - Clicked Register from header
2026-05-09 01:42:45 [main] INFO  AutomationLogger - ?? TEST STARTED: tc03_missingRequiredFieldsShowsAllErrors
2026-05-09 01:42:45 [main] INFO  AutomationLogger - Test data loaded: [missingFieldsUser] from [testdata/users.json]
2026-05-09 01:42:45 [main] INFO  AutomationLogger - Typed '' into: By.id: firstname
2026-05-09 01:42:45 [main] INFO  AutomationLogger - Entered first name: 
2026-05-09 01:42:45 [main] INFO  AutomationLogger - Typed '' into: By.id: lastname
2026-05-09 01:42:45 [main] INFO  AutomationLogger - Entered last name: 
2026-05-09 01:42:45 [main] INFO  AutomationLogger - Typed '' into: By.id: email_address
2026-05-09 01:42:45 [main] INFO  AutomationLogger - Entered email: 
2026-05-09 01:42:45 [main] INFO  AutomationLogger - Typed '' into: By.id: password
2026-05-09 01:42:45 [main] INFO  AutomationLogger - Entered password
2026-05-09 01:42:46 [main] INFO  AutomationLogger - Typed '' into: By.id: confirmation
2026-05-09 01:42:46 [main] INFO  AutomationLogger - Entered confirm password
2026-05-09 01:42:46 [main] INFO  AutomationLogger - Scrolled to: By.cssSelector: button[title='Register']
2026-05-09 01:42:46 [main] INFO  AutomationLogger - JS Clicked: By.cssSelector: button[title='Register']
2026-05-09 01:42:46 [main] INFO  AutomationLogger - Clicked Register submit button
2026-05-09 01:42:46 [main] INFO  AutomationLogger - ? TEST PASSED: tc03_missingRequiredFieldsShowsAllErrors
2026-05-09 01:42:46 [main] INFO  AutomationLogger - ? PASSED: tc03_missingRequiredFieldsShowsAllErrors
2026-05-09 01:42:46 [main] INFO  AutomationLogger - Browser closed after: tc03_missingRequiredFieldsShowsAllErrors
2026-05-09 01:42:50 [main] INFO  AutomationLogger - Browser launched: chrome | URL: https://ecommerce.tealiumdemo.com
2026-05-09 01:42:50 [main] INFO  AutomationLogger - Clicked: By.cssSelector: input#privacy_pref_optin
2026-05-09 01:42:50 [main] INFO  AutomationLogger - Consent modal detected � selected Opt-In
2026-05-09 01:42:50 [main] INFO  AutomationLogger - Clicked: By.cssSelector: div#consent_prompt_submit
2026-05-09 01:42:50 [main] INFO  AutomationLogger - Consent modal dismissed successfully
2026-05-09 01:42:51 [main] INFO  AutomationLogger - Clicked: By.cssSelector: a.skip-account
2026-05-09 01:42:51 [main] INFO  AutomationLogger - Opened account dropdown
2026-05-09 01:42:51 [main] INFO  AutomationLogger - Clicked: By.cssSelector: #header-account a[href*='account/login']
2026-05-09 01:42:51 [main] INFO  AutomationLogger - Clicked Log In from header
2026-05-09 01:42:53 [main] INFO  AutomationLogger - ?? TEST STARTED: tc01_validLoginWithValidCredentials
2026-05-09 01:42:54 [main] INFO  AutomationLogger - Test data loaded: [existingUser] from [testdata/users.json]
2026-05-09 01:42:54 [main] INFO  AutomationLogger - Typed 'o.khaledomar98@gmail.com' into: By.id: email
2026-05-09 01:42:54 [main] INFO  AutomationLogger - Entered email: o.khaledomar98@gmail.com
2026-05-09 01:42:54 [main] INFO  AutomationLogger - Typed '1234567' into: By.id: pass
2026-05-09 01:42:54 [main] INFO  AutomationLogger - Entered password
2026-05-09 01:42:54 [main] INFO  AutomationLogger - Scrolled to: By.id: send2
2026-05-09 01:42:57 [main] INFO  AutomationLogger - JS Clicked: By.id: send2
2026-05-09 01:42:57 [main] INFO  AutomationLogger - Clicked Login button
2026-05-09 01:42:57 [main] INFO  AutomationLogger - Login submitted � transitioning to Account Dashboard
2026-05-09 01:42:57 [main] INFO  AutomationLogger - Account dashboard loaded successfully
2026-05-09 01:42:57 [main] INFO  AutomationLogger - ? TEST PASSED: tc01_validLoginWithValidCredentials
2026-05-09 01:42:57 [main] INFO  AutomationLogger - ? PASSED: tc01_validLoginWithValidCredentials
2026-05-09 01:42:57 [main] INFO  AutomationLogger - Browser closed after: tc01_validLoginWithValidCredentials
2026-05-09 01:43:01 [main] INFO  AutomationLogger - Browser launched: chrome | URL: https://ecommerce.tealiumdemo.com
2026-05-09 01:43:02 [main] INFO  AutomationLogger - Clicked: By.cssSelector: input#privacy_pref_optin
2026-05-09 01:43:02 [main] INFO  AutomationLogger - Consent modal detected � selected Opt-In
2026-05-09 01:43:02 [main] INFO  AutomationLogger - Clicked: By.cssSelector: div#consent_prompt_submit
2026-05-09 01:43:02 [main] INFO  AutomationLogger - Consent modal dismissed successfully
2026-05-09 01:43:02 [main] INFO  AutomationLogger - Clicked: By.cssSelector: a.skip-account
2026-05-09 01:43:02 [main] INFO  AutomationLogger - Opened account dropdown
2026-05-09 01:43:03 [main] INFO  AutomationLogger - Clicked: By.cssSelector: #header-account a[href*='account/login']
2026-05-09 01:43:03 [main] INFO  AutomationLogger - Clicked Log In from header
2026-05-09 01:43:04 [main] INFO  AutomationLogger - ?? TEST STARTED: tc02_invalidLoginWithWrongPassword
2026-05-09 01:43:04 [main] INFO  AutomationLogger - Test data loaded: [invalidLoginUser] from [testdata/users.json]
2026-05-09 01:43:04 [main] INFO  AutomationLogger - Typed 'o.khaledomar98@gmail.com' into: By.id: email
2026-05-09 01:43:04 [main] INFO  AutomationLogger - Entered email: o.khaledomar98@gmail.com
2026-05-09 01:43:05 [main] INFO  AutomationLogger - Typed 'WrongPassword999!' into: By.id: pass
2026-05-09 01:43:05 [main] INFO  AutomationLogger - Entered password
2026-05-09 01:43:05 [main] INFO  AutomationLogger - Scrolled to: By.id: send2
2026-05-09 01:43:06 [main] INFO  AutomationLogger - JS Clicked: By.id: send2
2026-05-09 01:43:06 [main] INFO  AutomationLogger - Clicked Login button
2026-05-09 01:43:06 [main] INFO  AutomationLogger - ? TEST PASSED: tc02_invalidLoginWithWrongPassword
2026-05-09 01:43:06 [main] INFO  AutomationLogger - ? PASSED: tc02_invalidLoginWithWrongPassword
2026-05-09 01:43:06 [main] INFO  AutomationLogger - Browser closed after: tc02_invalidLoginWithWrongPassword
2026-05-09 01:43:10 [main] INFO  AutomationLogger - Browser launched: chrome | URL: https://ecommerce.tealiumdemo.com
2026-05-09 01:43:10 [main] INFO  AutomationLogger - Clicked: By.cssSelector: input#privacy_pref_optin
2026-05-09 01:43:10 [main] INFO  AutomationLogger - Consent modal detected � selected Opt-In
2026-05-09 01:43:10 [main] INFO  AutomationLogger - Clicked: By.cssSelector: div#consent_prompt_submit
2026-05-09 01:43:10 [main] INFO  AutomationLogger - Consent modal dismissed successfully
2026-05-09 01:43:10 [main] INFO  AutomationLogger - ?? TEST STARTED: tc01_addDorianShoesToCart
2026-05-09 01:43:10 [main] INFO  AutomationLogger - Test data loaded: [existingUser] from [testdata/users.json]
2026-05-09 01:43:10 [main] INFO  AutomationLogger - Clicked: By.cssSelector: a.skip-account
2026-05-09 01:43:10 [main] INFO  AutomationLogger - Opened account dropdown
2026-05-09 01:43:11 [main] INFO  AutomationLogger - Clicked: By.cssSelector: #header-account a[href*='account/login']
2026-05-09 01:43:11 [main] INFO  AutomationLogger - Clicked Log In from header
2026-05-09 01:43:13 [main] INFO  AutomationLogger - Typed 'o.khaledomar98@gmail.com' into: By.id: email
2026-05-09 01:43:13 [main] INFO  AutomationLogger - Entered email: o.khaledomar98@gmail.com
2026-05-09 01:43:13 [main] INFO  AutomationLogger - Typed '1234567' into: By.id: pass
2026-05-09 01:43:13 [main] INFO  AutomationLogger - Entered password
2026-05-09 01:43:13 [main] INFO  AutomationLogger - Scrolled to: By.id: send2
2026-05-09 01:43:14 [main] INFO  AutomationLogger - JS Clicked: By.id: send2
2026-05-09 01:43:14 [main] INFO  AutomationLogger - Clicked Login button
2026-05-09 01:43:14 [main] INFO  AutomationLogger - Login submitted � transitioning to Account Dashboard
2026-05-09 01:43:14 [main] INFO  AutomationLogger - Account dashboard loaded successfully
2026-05-09 01:43:15 [main] INFO  AutomationLogger - Hovered over: By.cssSelector: li.nav-3 > a
2026-05-09 01:43:15 [main] INFO  AutomationLogger - Hovered over Accessories menu
2026-05-09 01:43:15 [main] INFO  AutomationLogger - Clicked: By.cssSelector: a[href*='accessories/shoes']
2026-05-09 01:43:15 [main] INFO  AutomationLogger - Clicked Shoes from Accessories submenu
2026-05-09 01:43:18 [main] INFO  AutomationLogger - Selected 'Price' from: By.cssSelector: div.sort-by select
2026-05-09 01:43:18 [main] INFO  AutomationLogger - Sorted by Price low to high
2026-05-09 01:43:18 [main] INFO  AutomationLogger - Product prices found: [210.0, 310.0, 375.0, 390.0, 410.0, 470.0]
2026-05-09 01:43:18 [main] INFO  AutomationLogger - Found product: DORIAN PERFORATED OXFORD � navigating to: https://ecommerce.tealiumdemo.com/accessories/shoes/dorian-preforated-oxford-558.html
2026-05-09 01:43:19 [main] INFO  AutomationLogger - Product details page loaded � btn-cart confirmed
2026-05-09 01:43:20 [main] INFO  AutomationLogger - Selected first available color via select: black
2026-05-09 01:43:20 [main] INFO  AutomationLogger - Color 'black' selected: true (select value=20)
2026-05-09 01:43:20 [main] INFO  AutomationLogger - Selected first available size via select: 8
2026-05-09 01:43:20 [main] INFO  AutomationLogger - Size '8' selected: true (select value=100)
2026-05-09 01:43:20 [main] INFO  AutomationLogger - Scrolled to: By.cssSelector: div.add-to-cart-buttons button.btn-cart
2026-05-09 01:43:22 [main] INFO  AutomationLogger - JS Clicked: By.cssSelector: div.add-to-cart-buttons button.btn-cart
2026-05-09 01:43:22 [main] INFO  AutomationLogger - Clicked Add to Cart � redirecting to Cart page
2026-05-09 01:43:22 [main] INFO  AutomationLogger - Cart page loaded with success message
2026-05-09 01:43:22 [main] INFO  AutomationLogger - ? TEST PASSED: tc01_addDorianShoesToCart
2026-05-09 01:43:22 [main] INFO  AutomationLogger - ? PASSED: tc01_addDorianShoesToCart
2026-05-09 01:43:22 [main] INFO  AutomationLogger - Browser closed after: tc01_addDorianShoesToCart
